ingredient_id,unit_one_id,unit_two_id,ratio
f2bea0e2-73c0-4d58-89e4-2d61f59424f5,b338ace5-0f97-4c56-8ac4-615241ae6885,88eab83f-6a40-4470-a1bc-2d8d460bb105,200
f2bea0e2-73c0-4d58-89e4-2d61f59424f5,fbf200dc-7e74-4d7f-a44a-c341d9b00d5b,88eab83f-6a40-4470-a1bc-2d8d460bb105,1000
f2bea0e2-73c0-4d58-89e4-2d61f59424f5,88eab83f-6a40-4470-a1bc-2d8d460bb105,b338ace5-0f97-4c56-8ac4-615241ae6885,0.005
f2bea0e2-73c0-4d58-89e4-2d61f59424f5,88eab83f-6a40-4470-a1bc-2d8d460bb105,fbf200dc-7e74-4d7f-a44a-c341d9b00d5b,0.001
c0ac9074-6434-422f-87b6-6cb85e853cb4,fbf200dc-7e74-4d7f-a44a-c341d9b00d5b,88eab83f-6a40-4470-a1bc-2d8d460bb105,1000
c0ac9074-6434-422f-87b6-6cb85e853cb4,88eab83f-6a40-4470-a1bc-2d8d460bb105,fbf200dc-7e74-4d7f-a44a-c341d9b00d5b,0.001
c0ac9074-6434-422f-87b6-6cb85e853cb4,88eab83f-6a40-4470-a1bc-2d8d460bb105,b338ace5-0f97-4c56-8ac4-615241ae6885,0.005
c0ac9074-6434-422f-87b6-6cb85e853cb4,88eab83f-6a40-4470-a1bc-2d8d460bb105,a85e6a9e-8c99-410d-a1bc-ee1f6a4b13fe,0.2
c0ac9074-6434-422f-87b6-6cb85e853cb4,b338ace5-0f97-4c56-8ac4-615241ae6885,88eab83f-6a40-4470-a1bc-2d8d460bb105,200
c0ac9074-6434-422f-87b6-6cb85e853cb4,b338ace5-0f97-4c56-8ac4-615241ae6885,a85e6a9e-8c99-410d-a1bc-ee1f6a4b13fe,10
c0ac9074-6434-422f-87b6-6cb85e853cb4,a85e6a9e-8c99-410d-a1bc-ee1f6a4b13fe,88eab83f-6a40-4470-a1bc-2d8d460bb105,5
c0ac9074-6434-422f-87b6-6cb85e853cb4,a85e6a9e-8c99-410d-a1bc-ee1f6a4b13fe,b338ace5-0f97-4c56-8ac4-615241ae6885,0.1
ab70cc29-3c38-4990-aacb-da019ba11dd1,70b712c6-9a2e-414f-ae1d-bcf7700364f4,e7e4bc58-caec-4a62-b2c7-3fbc4c9b11cc,1000
ab70cc29-3c38-4990-aacb-da019ba11dd1,e7e4bc58-caec-4a62-b2c7-3fbc4c9b11cc,70b712c6-9a2e-414f-ae1d-bcf7700364f4,0.001
ab70cc29-3c38-4990-aacb-da019ba11dd1,e7e4bc58-caec-4a62-b2c7-3fbc4c9b11cc,85893ecf-fa96-4f5c-a6a3-d70371d83269,0.2
ab70cc29-3c38-4990-aacb-da019ba11dd1,e7e4bc58-caec-4a62-b2c7-3fbc4c9b11cc,cc07c68b-c9a0-4de2-b0f0-b0ca4e8994ec,0.06666666666666667
ab70cc29-3c38-4990-aacb-da019ba11dd1,e7e4bc58-caec-4a62-b2c7-3fbc4c9b11cc,76c5ef78-b4c1-4048-bc7d-8d3c2a43154b,0.004166666666666667
ab70cc29-3c38-4990-aacb-da019ba11dd1,85893ecf-fa96-4f5c-a6a3-d70371d83269,e7e4bc58-caec-4a62-b2c7-3fbc4c9b11cc,5
ab70cc29-3c38-4990-aacb-da019ba11dd1,85893ecf-fa96-4f5c-a6a3-d70371d83269,cc07c68b-c9a0-4de2-b0f0-b0ca4e8994ec,0.3333333333333333
ab70cc29-3c38-4990-aacb-da019ba11dd1,cc07c68b-c9a0-4de2-b0f0-b0ca4e8994ec,e7e4bc58-caec-4a62-b2c7-3fbc4c9b11cc,15
ab70cc29-3c38-4990-aacb-da019ba11dd1,cc07c68b-c9a0-4de2-b0f0-b0ca4e8994ec,85893ecf-fa96-4f5c-a6a3-d70371d83269,3
ab70cc29-3c38-4990-aacb-da019ba11dd1,cc07c68b-c9a0-4de2-b0f0-b0ca4e8994ec,76c5ef78-b4c1-4048-bc7d-8d3c2a43154b,0.0625
ab70cc29-3c38-4990-aacb-da019ba11dd1,76c5ef78-b4c1-4048-bc7d-8d3c2a43154b,e7e4bc58-caec-4a62-b2c7-3fbc4c9b11cc,240
ab70cc29-3c38-4990-aacb-da019ba11dd1,76c5ef78-b4c1-4048-bc7d-8d3c2a43154b,cc07c68b-c9a0-4de2-b0f0-b0ca4e8994ec,16
2aa17ede-a10e-407f-8feb-41d0cc54dc7a,fbf200dc-7e74-4d7f-a44a-c341d9b00d5b,88eab83f-6a40-4470-a1bc-2d8d460bb105,1000
2aa17ede-a10e-407f-8feb-41d0cc54dc7a,88eab83f-6a40-4470-a1bc-2d8d460bb105,fbf200dc-7e74-4d7f-a44a-c341d9b00d5b,0.001
2aa17ede-a10e-407f-8feb-41d0cc54dc7a,88eab83f-6a40-4470-a1bc-2d8d460bb105,b338ace5-0f97-4c56-8ac4-615241ae6885,0.005
2aa17ede-a10e-407f-8feb-41d0cc54dc7a,88eab83f-6a40-4470-a1bc-2d8d460bb105,59bf857c-5a20-4b29-976b-f622822d733a,0.04
2aa17ede-a10e-407f-8feb-41d0cc54dc7a,b338ace5-0f97-4c56-8ac4-615241ae6885,88eab83f-6a40-4470-a1bc-2d8d460bb105,200
2aa17ede-a10e-407f-8feb-41d0cc54dc7a,b338ace5-0f97-4c56-8ac4-615241ae6885,59bf857c-5a20-4b29-976b-f622822d733a,8
2aa17ede-a10e-407f-8feb-41d0cc54dc7a,59bf857c-5a20-4b29-976b-f622822d733a,88eab83f-6a40-4470-a1bc-2d8d460bb105,25
2aa17ede-a10e-407f-8feb-41d0cc54dc7a,59bf857c-5a20-4b29-976b-f622822d733a,b338ace5-0f97-4c56-8ac4-615241ae6885,0.125
1bb34aa2-e426-46e9-a518-d44fb6b419e5,fbf200dc-7e74-4d7f-a44a-c341d9b00d5b,88eab83f-6a40-4470-a1bc-2d8d460bb105,1000
1bb34aa2-e426-46e9-a518-d44fb6b419e5,88eab83f-6a40-4470-a1bc-2d8d460bb105,fbf200dc-7e74-4d7f-a44a-c341d9b00d5b,0.001
1bb34aa2-e426-46e9-a518-d44fb6b419e5,88eab83f-6a40-4470-a1bc-2d8d460bb105,b338ace5-0f97-4c56-8ac4-615241ae6885,0.005
1bb34aa2-e426-46e9-a518-d44fb6b419e5,b338ace5-0f97-4c56-8ac4-615241ae6885,88eab83f-6a40-4470-a1bc-2d8d460bb105,200
5c7fc23a-188d-4a53-9325-21ccef62d808,fbf200dc-7e74-4d7f-a44a-c341d9b00d5b,88eab83f-6a40-4470-a1bc-2d8d460bb105,1000
5c7fc23a-188d-4a53-9325-21ccef62d808,88eab83f-6a40-4470-a1bc-2d8d460bb105,fbf200dc-7e74-4d7f-a44a-c341d9b00d5b,0.001
5c7fc23a-188d-4a53-9325-21ccef62d808,88eab83f-6a40-4470-a1bc-2d8d460bb105,b338ace5-0f97-4c56-8ac4-615241ae6885,0.005
5c7fc23a-188d-4a53-9325-21ccef62d808,b338ace5-0f97-4c56-8ac4-615241ae6885,88eab83f-6a40-4470-a1bc-2d8d460bb105,200
5ef015e6-ac66-49a6-bc8a-d91c5ea037e3,fbf200dc-7e74-4d7f-a44a-c341d9b00d5b,88eab83f-6a40-4470-a1bc-2d8d460bb105,1000
5ef015e6-ac66-49a6-bc8a-d91c5ea037e3,88eab83f-6a40-4470-a1bc-2d8d460bb105,fbf200dc-7e74-4d7f-a44a-c341d9b00d5b,0.001
5ef015e6-ac66-49a6-bc8a-d91c5ea037e3,88eab83f-6a40-4470-a1bc-2d8d460bb105,b338ace5-0f97-4c56-8ac4-615241ae6885,0.005
5ef015e6-ac66-49a6-bc8a-d91c5ea037e3,b338ace5-0f97-4c56-8ac4-615241ae6885,88eab83f-6a40-4470-a1bc-2d8d460bb105,200
b5b94f34-17ee-4324-b5aa-377619ec67fc,fbf200dc-7e74-4d7f-a44a-c341d9b00d5b,88eab83f-6a40-4470-a1bc-2d8d460bb105,1000
b5b94f34-17ee-4324-b5aa-377619ec67fc,88eab83f-6a40-4470-a1bc-2d8d460bb105,fbf200dc-7e74-4d7f-a44a-c341d9b00d5b,0.001
b5b94f34-17ee-4324-b5aa-377619ec67fc,88eab83f-6a40-4470-a1bc-2d8d460bb105,b338ace5-0f97-4c56-8ac4-615241ae6885,0.005
b5b94f34-17ee-4324-b5aa-377619ec67fc,b338ace5-0f97-4c56-8ac4-615241ae6885,88eab83f-6a40-4470-a1bc-2d8d460bb105,200
8078633e-f337-40ad-828f-f545c3fb9503,fbf200dc-7e74-4d7f-a44a-c341d9b00d5b,88eab83f-6a40-4470-a1bc-2d8d460bb105,1000
8078633e-f337-40ad-828f-f545c3fb9503,88eab83f-6a40-4470-a1bc-2d8d460bb105,fbf200dc-7e74-4d7f-a44a-c341d9b00d5b,0.001
8078633e-f337-40ad-828f-f545c3fb9503,88eab83f-6a40-4470-a1bc-2d8d460bb105,b338ace5-0f97-4c56-8ac4-615241ae6885,0.005
8078633e-f337-40ad-828f-f545c3fb9503,b338ace5-0f97-4c56-8ac4-615241ae6885,88eab83f-6a40-4470-a1bc-2d8d460bb105,200
8078633e-f337-40ad-828f-f545c3fb9503,b04f3df1-b071-412f-bae6-57edc70e1cbc,85893ecf-fa96-4f5c-a6a3-d70371d83269,0.125
8078633e-f337-40ad-828f-f545c3fb9503,084b380c-7637-4e31-910a-1eefe1d47b8a,85893ecf-fa96-4f5c-a6a3-d70371d83269,0.0625
8078633e-f337-40ad-828f-f545c3fb9503,85893ecf-fa96-4f5c-a6a3-d70371d83269,b04f3df1-b071-412f-bae6-57edc70e1cbc,8
8078633e-f337-40ad-828f-f545c3fb9503,85893ecf-fa96-4f5c-a6a3-d70371d83269,084b380c-7637-4e31-910a-1eefe1d47b8a,16
8078633e-f337-40ad-828f-f545c3fb9503,85893ecf-fa96-4f5c-a6a3-d70371d83269,cc07c68b-c9a0-4de2-b0f0-b0ca4e8994ec,0.3333333333333333
8078633e-f337-40ad-828f-f545c3fb9503,cc07c68b-c9a0-4de2-b0f0-b0ca4e8994ec,85893ecf-fa96-4f5c-a6a3-d70371d83269,3
b463be3b-0e4f-4256-8702-6af84474bb96,fbf200dc-7e74-4d7f-a44a-c341d9b00d5b,88eab83f-6a40-4470-a1bc-2d8d460bb105,1000
b463be3b-0e4f-4256-8702-6af84474bb96,88eab83f-6a40-4470-a1bc-2d8d460bb105,fbf200dc-7e74-4d7f-a44a-c341d9b00d5b,0.001
b463be3b-0e4f-4256-8702-6af84474bb96,88eab83f-6a40-4470-a1bc-2d8d460bb105,b338ace5-0f97-4c56-8ac4-615241ae6885,0.005
b463be3b-0e4f-4256-8702-6af84474bb96,b338ace5-0f97-4c56-8ac4-615241ae6885,88eab83f-6a40-4470-a1bc-2d8d460bb105,200
b463be3b-0e4f-4256-8702-6af84474bb96,b04f3df1-b071-412f-bae6-57edc70e1cbc,85893ecf-fa96-4f5c-a6a3-d70371d83269,0.125
b463be3b-0e4f-4256-8702-6af84474bb96,084b380c-7637-4e31-910a-1eefe1d47b8a,85893ecf-fa96-4f5c-a6a3-d70371d83269,0.0625
b463be3b-0e4f-4256-8702-6af84474bb96,85893ecf-fa96-4f5c-a6a3-d70371d83269,b04f3df1-b071-412f-bae6-57edc70e1cbc,8
b463be3b-0e4f-4256-8702-6af84474bb96,85893ecf-fa96-4f5c-a6a3-d70371d83269,084b380c-7637-4e31-910a-1eefe1d47b8a,16
b463be3b-0e4f-4256-8702-6af84474bb96,85893ecf-fa96-4f5c-a6a3-d70371d83269,cc07c68b-c9a0-4de2-b0f0-b0ca4e8994ec,0.3333333333333333
b463be3b-0e4f-4256-8702-6af84474bb96,cc07c68b-c9a0-4de2-b0f0-b0ca4e8994ec,85893ecf-fa96-4f5c-a6a3-d70371d83269,3
8cf37f89-0b9b-409f-9c1c-e0db03666966,fbf200dc-7e74-4d7f-a44a-c341d9b00d5b,88eab83f-6a40-4470-a1bc-2d8d460bb105,1000
8cf37f89-0b9b-409f-9c1c-e0db03666966,88eab83f-6a40-4470-a1bc-2d8d460bb105,fbf200dc-7e74-4d7f-a44a-c341d9b00d5b,0.001
8cf37f89-0b9b-409f-9c1c-e0db03666966,88eab83f-6a40-4470-a1bc-2d8d460bb105,b338ace5-0f97-4c56-8ac4-615241ae6885,0.005
8cf37f89-0b9b-409f-9c1c-e0db03666966,b338ace5-0f97-4c56-8ac4-615241ae6885,88eab83f-6a40-4470-a1bc-2d8d460bb105,200
83d8df76-37b0-43f9-9f3b-dde96f2ab8c8,70b712c6-9a2e-414f-ae1d-bcf7700364f4,e7e4bc58-caec-4a62-b2c7-3fbc4c9b11cc,1000
83d8df76-37b0-43f9-9f3b-dde96f2ab8c8,e7e4bc58-caec-4a62-b2c7-3fbc4c9b11cc,70b712c6-9a2e-414f-ae1d-bcf7700364f4,0.001
83d8df76-37b0-43f9-9f3b-dde96f2ab8c8,e7e4bc58-caec-4a62-b2c7-3fbc4c9b11cc,85893ecf-fa96-4f5c-a6a3-d70371d83269,0.2
83d8df76-37b0-43f9-9f3b-dde96f2ab8c8,e7e4bc58-caec-4a62-b2c7-3fbc4c9b11cc,cc07c68b-c9a0-4de2-b0f0-b0ca4e8994ec,0.06666666666666667
83d8df76-37b0-43f9-9f3b-dde96f2ab8c8,e7e4bc58-caec-4a62-b2c7-3fbc4c9b11cc,76c5ef78-b4c1-4048-bc7d-8d3c2a43154b,0.004166666666666667
83d8df76-37b0-43f9-9f3b-dde96f2ab8c8,85893ecf-fa96-4f5c-a6a3-d70371d83269,e7e4bc58-caec-4a62-b2c7-3fbc4c9b11cc,5
83d8df76-37b0-43f9-9f3b-dde96f2ab8c8,85893ecf-fa96-4f5c-a6a3-d70371d83269,cc07c68b-c9a0-4de2-b0f0-b0ca4e8994ec,0.3333333333333333
83d8df76-37b0-43f9-9f3b-dde96f2ab8c8,cc07c68b-c9a0-4de2-b0f0-b0ca4e8994ec,e7e4bc58-caec-4a62-b2c7-3fbc4c9b11cc,15
83d8df76-37b0-43f9-9f3b-dde96f2ab8c8,cc07c68b-c9a0-4de2-b0f0-b0ca4e8994ec,85893ecf-fa96-4f5c-a6a3-d70371d83269,3
83d8df76-37b0-43f9-9f3b-dde96f2ab8c8,cc07c68b-c9a0-4de2-b0f0-b0ca4e8994ec,76c5ef78-b4c1-4048-bc7d-8d3c2a43154b,0.0625
83d8df76-37b0-43f9-9f3b-dde96f2ab8c8,76c5ef78-b4c1-4048-bc7d-8d3c2a43154b,e7e4bc58-caec-4a62-b2c7-3fbc4c9b11cc,240
83d8df76-37b0-43f9-9f3b-dde96f2ab8c8,76c5ef78-b4c1-4048-bc7d-8d3c2a43154b,cc07c68b-c9a0-4de2-b0f0-b0ca4e8994ec,16
7698a6b3-c0a2-48aa-af8c-be363a26023e,fbf200dc-7e74-4d7f-a44a-c341d9b00d5b,88eab83f-6a40-4470-a1bc-2d8d460bb105,1000
7698a6b3-c0a2-48aa-af8c-be363a26023e,88eab83f-6a40-4470-a1bc-2d8d460bb105,fbf200dc-7e74-4d7f-a44a-c341d9b00d5b,0.001
7698a6b3-c0a2-48aa-af8c-be363a26023e,88eab83f-6a40-4470-a1bc-2d8d460bb105,59bf857c-5a20-4b29-976b-f622822d733a,0.04
7698a6b3-c0a2-48aa-af8c-be363a26023e,59bf857c-5a20-4b29-976b-f622822d733a,88eab83f-6a40-4470-a1bc-2d8d460bb105,25
f383e75c-cee2-4445-88de-922311c86037,fbf200dc-7e74-4d7f-a44a-c341d9b00d5b,88eab83f-6a40-4470-a1bc-2d8d460bb105,1000
f383e75c-cee2-4445-88de-922311c86037,88eab83f-6a40-4470-a1bc-2d8d460bb105,fbf200dc-7e74-4d7f-a44a-c341d9b00d5b,0.001
f383e75c-cee2-4445-88de-922311c86037,88eab83f-6a40-4470-a1bc-2d8d460bb105,b338ace5-0f97-4c56-8ac4-615241ae6885,0.005
f383e75c-cee2-4445-88de-922311c86037,b338ace5-0f97-4c56-8ac4-615241ae6885,88eab83f-6a40-4470-a1bc-2d8d460bb105,200
5d6b881a-bcff-4e92-84bc-935578fdb8d9,fbf200dc-7e74-4d7f-a44a-c341d9b00d5b,88eab83f-6a40-4470-a1bc-2d8d460bb105,1000
5d6b881a-bcff-4e92-84bc-935578fdb8d9,88eab83f-6a40-4470-a1bc-2d8d460bb105,fbf200dc-7e74-4d7f-a44a-c341d9b00d5b,0.001
5d6b881a-bcff-4e92-84bc-935578fdb8d9,88eab83f-6a40-4470-a1bc-2d8d460bb105,b338ace5-0f97-4c56-8ac4-615241ae6885,0.005
5d6b881a-bcff-4e92-84bc-935578fdb8d9,b338ace5-0f97-4c56-8ac4-615241ae6885,88eab83f-6a40-4470-a1bc-2d8d460bb105,200
5d6b881a-bcff-4e92-84bc-935578fdb8d9,b04f3df1-b071-412f-bae6-57edc70e1cbc,85893ecf-fa96-4f5c-a6a3-d70371d83269,0.125
5d6b881a-bcff-4e92-84bc-935578fdb8d9,084b380c-7637-4e31-910a-1eefe1d47b8a,85893ecf-fa96-4f5c-a6a3-d70371d83269,0.0625
5d6b881a-bcff-4e92-84bc-935578fdb8d9,85893ecf-fa96-4f5c-a6a3-d70371d83269,b04f3df1-b071-412f-bae6-57edc70e1cbc,8
5d6b881a-bcff-4e92-84bc-935578fdb8d9,85893ecf-fa96-4f5c-a6a3-d70371d83269,084b380c-7637-4e31-910a-1eefe1d47b8a,16
5d6b881a-bcff-4e92-84bc-935578fdb8d9,85893ecf-fa96-4f5c-a6a3-d70371d83269,cc07c68b-c9a0-4de2-b0f0-b0ca4e8994ec,0.3333333333333333
5d6b881a-bcff-4e92-84bc-935578fdb8d9,cc07c68b-c9a0-4de2-b0f0-b0ca4e8994ec,85893ecf-fa96-4f5c-a6a3-d70371d83269,3
709364bc-514e-4559-a8ec-ea71468dc891,fbf200dc-7e74-4d7f-a44a-c341d9b00d5b,88eab83f-6a40-4470-a1bc-2d8d460bb105,1000
709364bc-514e-4559-a8ec-ea71468dc891,88eab83f-6a40-4470-a1bc-2d8d460bb105,fbf200dc-7e74-4d7f-a44a-c341d9b00d5b,0.001
709364bc-514e-4559-a8ec-ea71468dc891,88eab83f-6a40-4470-a1bc-2d8d460bb105,b338ace5-0f97-4c56-8ac4-615241ae6885,0.005
709364bc-514e-4559-a8ec-ea71468dc891,b338ace5-0f97-4c56-8ac4-615241ae6885,88eab83f-6a40-4470-a1bc-2d8d460bb105,200
709364bc-514e-4559-a8ec-ea71468dc891,b04f3df1-b071-412f-bae6-57edc70e1cbc,85893ecf-fa96-4f5c-a6a3-d70371d83269,0.125
709364bc-514e-4559-a8ec-ea71468dc891,084b380c-7637-4e31-910a-1eefe1d47b8a,85893ecf-fa96-4f5c-a6a3-d70371d83269,0.0625
709364bc-514e-4559-a8ec-ea71468dc891,85893ecf-fa96-4f5c-a6a3-d70371d83269,b04f3df1-b071-412f-bae6-57edc70e1cbc,8
709364bc-514e-4559-a8ec-ea71468dc891,85893ecf-fa96-4f5c-a6a3-d70371d83269,084b380c-7637-4e31-910a-1eefe1d47b8a,16
709364bc-514e-4559-a8ec-ea71468dc891,85893ecf-fa96-4f5c-a6a3-d70371d83269,cc07c68b-c9a0-4de2-b0f0-b0ca4e8994ec,0.3333333333333333
709364bc-514e-4559-a8ec-ea71468dc891,cc07c68b-c9a0-4de2-b0f0-b0ca4e8994ec,85893ecf-fa96-4f5c-a6a3-d70371d83269,3
ec91d02e-e3f6-485e-b833-736251b98460,fbf200dc-7e74-4d7f-a44a-c341d9b00d5b,88eab83f-6a40-4470-a1bc-2d8d460bb105,1000
ec91d02e-e3f6-485e-b833-736251b98460,88eab83f-6a40-4470-a1bc-2d8d460bb105,fbf200dc-7e74-4d7f-a44a-c341d9b00d5b,0.001
71f878bb-a083-41d8-b81c-8b3b2abf6e9d,fbf200dc-7e74-4d7f-a44a-c341d9b00d5b,88eab83f-6a40-4470-a1bc-2d8d460bb105,1000
71f878bb-a083-41d8-b81c-8b3b2abf6e9d,88eab83f-6a40-4470-a1bc-2d8d460bb105,fbf200dc-7e74-4d7f-a44a-c341d9b00d5b,0.001
0540f760-856d-455b-b8cc-ea7959723c19,fbf200dc-7e74-4d7f-a44a-c341d9b00d5b,88eab83f-6a40-4470-a1bc-2d8d460bb105,1000
0540f760-856d-455b-b8cc-ea7959723c19,88eab83f-6a40-4470-a1bc-2d8d460bb105,fbf200dc-7e74-4d7f-a44a-c341d9b00d5b,0.001
f1fe8e4c-494e-42c1-9db0-7ad42a28bfee,fbf200dc-7e74-4d7f-a44a-c341d9b00d5b,88eab83f-6a40-4470-a1bc-2d8d460bb105,1000
f1fe8e4c-494e-42c1-9db0-7ad42a28bfee,88eab83f-6a40-4470-a1bc-2d8d460bb105,fbf200dc-7e74-4d7f-a44a-c341d9b00d5b,0.001
f1fe8e4c-494e-42c1-9db0-7ad42a28bfee,88eab83f-6a40-4470-a1bc-2d8d460bb105,b338ace5-0f97-4c56-8ac4-615241ae6885,0.005
f1fe8e4c-494e-42c1-9db0-7ad42a28bfee,88eab83f-6a40-4470-a1bc-2d8d460bb105,59bf857c-5a20-4b29-976b-f622822d733a,0.04
f1fe8e4c-494e-42c1-9db0-7ad42a28bfee,b338ace5-0f97-4c56-8ac4-615241ae6885,88eab83f-6a40-4470-a1bc-2d8d460bb105,200
f1fe8e4c-494e-42c1-9db0-7ad42a28bfee,b338ace5-0f97-4c56-8ac4-615241ae6885,59bf857c-5a20-4b29-976b-f622822d733a,8
f1fe8e4c-494e-42c1-9db0-7ad42a28bfee,59bf857c-5a20-4b29-976b-f622822d733a,88eab83f-6a40-4470-a1bc-2d8d460bb105,25
f1fe8e4c-494e-42c1-9db0-7ad42a28bfee,59bf857c-5a20-4b29-976b-f622822d733a,b338ace5-0f97-4c56-8ac4-615241ae6885,0.125
60c5638c-28fa-4b5e-976a-11c6de1ab517,fbf200dc-7e74-4d7f-a44a-c341d9b00d5b,88eab83f-6a40-4470-a1bc-2d8d460bb105,1000
60c5638c-28fa-4b5e-976a-11c6de1ab517,88eab83f-6a40-4470-a1bc-2d8d460bb105,fbf200dc-7e74-4d7f-a44a-c341d9b00d5b,0.001
3f3b0b0f-fcec-4653-a5c7-a7763bae7ec1,fbf200dc-7e74-4d7f-a44a-c341d9b00d5b,88eab83f-6a40-4470-a1bc-2d8d460bb105,1000
3f3b0b0f-fcec-4653-a5c7-a7763bae7ec1,88eab83f-6a40-4470-a1bc-2d8d460bb105,fbf200dc-7e74-4d7f-a44a-c341d9b00d5b,0.001
3f3b0b0f-fcec-4653-a5c7-a7763bae7ec1,88eab83f-6a40-4470-a1bc-2d8d460bb105,b338ace5-0f97-4c56-8ac4-615241ae6885,0.005
3f3b0b0f-fcec-4653-a5c7-a7763bae7ec1,88eab83f-6a40-4470-a1bc-2d8d460bb105,59bf857c-5a20-4b29-976b-f622822d733a,0.04
3f3b0b0f-fcec-4653-a5c7-a7763bae7ec1,b338ace5-0f97-4c56-8ac4-615241ae6885,88eab83f-6a40-4470-a1bc-2d8d460bb105,200
3f3b0b0f-fcec-4653-a5c7-a7763bae7ec1,b338ace5-0f97-4c56-8ac4-615241ae6885,59bf857c-5a20-4b29-976b-f622822d733a,8
3f3b0b0f-fcec-4653-a5c7-a7763bae7ec1,59bf857c-5a20-4b29-976b-f622822d733a,88eab83f-6a40-4470-a1bc-2d8d460bb105,25
3f3b0b0f-fcec-4653-a5c7-a7763bae7ec1,59bf857c-5a20-4b29-976b-f622822d733a,b338ace5-0f97-4c56-8ac4-615241ae6885,0.125
52b53d42-3782-4a61-972f-046752d553cf,fbf200dc-7e74-4d7f-a44a-c341d9b00d5b,88eab83f-6a40-4470-a1bc-2d8d460bb105,1000
52b53d42-3782-4a61-972f-046752d553cf,88eab83f-6a40-4470-a1bc-2d8d460bb105,fbf200dc-7e74-4d7f-a44a-c341d9b00d5b,0.001
52b53d42-3782-4a61-972f-046752d553cf,88eab83f-6a40-4470-a1bc-2d8d460bb105,b338ace5-0f97-4c56-8ac4-615241ae6885,0.005
52b53d42-3782-4a61-972f-046752d553cf,88eab83f-6a40-4470-a1bc-2d8d460bb105,59bf857c-5a20-4b29-976b-f622822d733a,0.04
52b53d42-3782-4a61-972f-046752d553cf,b338ace5-0f97-4c56-8ac4-615241ae6885,88eab83f-6a40-4470-a1bc-2d8d460bb105,200
52b53d42-3782-4a61-972f-046752d553cf,b338ace5-0f97-4c56-8ac4-615241ae6885,59bf857c-5a20-4b29-976b-f622822d733a,8
52b53d42-3782-4a61-972f-046752d553cf,59bf857c-5a20-4b29-976b-f622822d733a,88eab83f-6a40-4470-a1bc-2d8d460bb105,25
52b53d42-3782-4a61-972f-046752d553cf,59bf857c-5a20-4b29-976b-f622822d733a,b338ace5-0f97-4c56-8ac4-615241ae6885,0.125
afb15d83-77bb-42bc-99dd-bc35ee2fd896,fbf200dc-7e74-4d7f-a44a-c341d9b00d5b,88eab83f-6a40-4470-a1bc-2d8d460bb105,1000
afb15d83-77bb-42bc-99dd-bc35ee2fd896,88eab83f-6a40-4470-a1bc-2d8d460bb105,fbf200dc-7e74-4d7f-a44a-c341d9b00d5b,0.001
afb15d83-77bb-42bc-99dd-bc35ee2fd896,88eab83f-6a40-4470-a1bc-2d8d460bb105,b338ace5-0f97-4c56-8ac4-615241ae6885,0.005
afb15d83-77bb-42bc-99dd-bc35ee2fd896,88eab83f-6a40-4470-a1bc-2d8d460bb105,59bf857c-5a20-4b29-976b-f622822d733a,0.04
afb15d83-77bb-42bc-99dd-bc35ee2fd896,b338ace5-0f97-4c56-8ac4-615241ae6885,88eab83f-6a40-4470-a1bc-2d8d460bb105,200
afb15d83-77bb-42bc-99dd-bc35ee2fd896,b338ace5-0f97-4c56-8ac4-615241ae6885,59bf857c-5a20-4b29-976b-f622822d733a,8
afb15d83-77bb-42bc-99dd-bc35ee2fd896,59bf857c-5a20-4b29-976b-f622822d733a,88eab83f-6a40-4470-a1bc-2d8d460bb105,25
afb15d83-77bb-42bc-99dd-bc35ee2fd896,59bf857c-5a20-4b29-976b-f622822d733a,b338ace5-0f97-4c56-8ac4-615241ae6885,0.125
9749559b-1b4b-483c-897b-96bd1aaa26ec,fbf200dc-7e74-4d7f-a44a-c341d9b00d5b,88eab83f-6a40-4470-a1bc-2d8d460bb105,1000
9749559b-1b4b-483c-897b-96bd1aaa26ec,88eab83f-6a40-4470-a1bc-2d8d460bb105,fbf200dc-7e74-4d7f-a44a-c341d9b00d5b,0.001
4220b200-ef4c-485a-8c07-12d57bdf1688,fbf200dc-7e74-4d7f-a44a-c341d9b00d5b,88eab83f-6a40-4470-a1bc-2d8d460bb105,1000
4220b200-ef4c-485a-8c07-12d57bdf1688,88eab83f-6a40-4470-a1bc-2d8d460bb105,fbf200dc-7e74-4d7f-a44a-c341d9b00d5b,0.001
4220b200-ef4c-485a-8c07-12d57bdf1688,88eab83f-6a40-4470-a1bc-2d8d460bb105,b338ace5-0f97-4c56-8ac4-615241ae6885,0.005
4220b200-ef4c-485a-8c07-12d57bdf1688,88eab83f-6a40-4470-a1bc-2d8d460bb105,59bf857c-5a20-4b29-976b-f622822d733a,0.04
4220b200-ef4c-485a-8c07-12d57bdf1688,b338ace5-0f97-4c56-8ac4-615241ae6885,88eab83f-6a40-4470-a1bc-2d8d460bb105,200
4220b200-ef4c-485a-8c07-12d57bdf1688,b338ace5-0f97-4c56-8ac4-615241ae6885,59bf857c-5a20-4b29-976b-f622822d733a,8
4220b200-ef4c-485a-8c07-12d57bdf1688,59bf857c-5a20-4b29-976b-f622822d733a,88eab83f-6a40-4470-a1bc-2d8d460bb105,25
4220b200-ef4c-485a-8c07-12d57bdf1688,59bf857c-5a20-4b29-976b-f622822d733a,b338ace5-0f97-4c56-8ac4-615241ae6885,0.125
8d86aff1-8f8d-4c9b-8cb4-306b942e283b,fbf200dc-7e74-4d7f-a44a-c341d9b00d5b,88eab83f-6a40-4470-a1bc-2d8d460bb105,1000
8d86aff1-8f8d-4c9b-8cb4-306b942e283b,88eab83f-6a40-4470-a1bc-2d8d460bb105,fbf200dc-7e74-4d7f-a44a-c341d9b00d5b,0.001
5af9acd5-5f52-46f2-b717-01f76a0be253,70b712c6-9a2e-414f-ae1d-bcf7700364f4,e7e4bc58-caec-4a62-b2c7-3fbc4c9b11cc,1000
5af9acd5-5f52-46f2-b717-01f76a0be253,e7e4bc58-caec-4a62-b2c7-3fbc4c9b11cc,70b712c6-9a2e-414f-ae1d-bcf7700364f4,0.001
5af9acd5-5f52-46f2-b717-01f76a0be253,e7e4bc58-caec-4a62-b2c7-3fbc4c9b11cc,76c5ef78-b4c1-4048-bc7d-8d3c2a43154b,0.004166666666666667
5af9acd5-5f52-46f2-b717-01f76a0be253,76c5ef78-b4c1-4048-bc7d-8d3c2a43154b,e7e4bc58-caec-4a62-b2c7-3fbc4c9b11cc,240
4fa170f1-a8b7-4cd3-9e5c-dc513c1fc25f,fbf200dc-7e74-4d7f-a44a-c341d9b00d5b,88eab83f-6a40-4470-a1bc-2d8d460bb105,1000
4fa170f1-a8b7-4cd3-9e5c-dc513c1fc25f,88eab83f-6a40-4470-a1bc-2d8d460bb105,fbf200dc-7e74-4d7f-a44a-c341d9b00d5b,0.001
4fa170f1-a8b7-4cd3-9e5c-dc513c1fc25f,88eab83f-6a40-4470-a1bc-2d8d460bb105,b338ace5-0f97-4c56-8ac4-615241ae6885,0.005
4fa170f1-a8b7-4cd3-9e5c-dc513c1fc25f,88eab83f-6a40-4470-a1bc-2d8d460bb105,59bf857c-5a20-4b29-976b-f622822d733a,0.04
4fa170f1-a8b7-4cd3-9e5c-dc513c1fc25f,b338ace5-0f97-4c56-8ac4-615241ae6885,88eab83f-6a40-4470-a1bc-2d8d460bb105,200
4fa170f1-a8b7-4cd3-9e5c-dc513c1fc25f,b338ace5-0f97-4c56-8ac4-615241ae6885,59bf857c-5a20-4b29-976b-f622822d733a,8
4fa170f1-a8b7-4cd3-9e5c-dc513c1fc25f,59bf857c-5a20-4b29-976b-f622822d733a,88eab83f-6a40-4470-a1bc-2d8d460bb105,25
4fa170f1-a8b7-4cd3-9e5c-dc513c1fc25f,59bf857c-5a20-4b29-976b-f622822d733a,b338ace5-0f97-4c56-8ac4-615241ae6885,0.125
e0936c15-f17a-41f2-aacb-b91c81107046,fbf200dc-7e74-4d7f-a44a-c341d9b00d5b,88eab83f-6a40-4470-a1bc-2d8d460bb105,1000
e0936c15-f17a-41f2-aacb-b91c81107046,88eab83f-6a40-4470-a1bc-2d8d460bb105,fbf200dc-7e74-4d7f-a44a-c341d9b00d5b,0.001
e0936c15-f17a-41f2-aacb-b91c81107046,88eab83f-6a40-4470-a1bc-2d8d460bb105,b338ace5-0f97-4c56-8ac4-615241ae6885,0.005
e0936c15-f17a-41f2-aacb-b91c81107046,88eab83f-6a40-4470-a1bc-2d8d460bb105,59bf857c-5a20-4b29-976b-f622822d733a,0.04
e0936c15-f17a-41f2-aacb-b91c81107046,b338ace5-0f97-4c56-8ac4-615241ae6885,88eab83f-6a40-4470-a1bc-2d8d460bb105,200
e0936c15-f17a-41f2-aacb-b91c81107046,b338ace5-0f97-4c56-8ac4-615241ae6885,59bf857c-5a20-4b29-976b-f622822d733a,8
e0936c15-f17a-41f2-aacb-b91c81107046,59bf857c-5a20-4b29-976b-f622822d733a,88eab83f-6a40-4470-a1bc-2d8d460bb105,25
e0936c15-f17a-41f2-aacb-b91c81107046,59bf857c-5a20-4b29-976b-f622822d733a,b338ace5-0f97-4c56-8ac4-615241ae6885,0.125
87dccb5b-5262-4b27-b292-0f3bc0ea915a,fbf200dc-7e74-4d7f-a44a-c341d9b00d5b,88eab83f-6a40-4470-a1bc-2d8d460bb105,1000
87dccb5b-5262-4b27-b292-0f3bc0ea915a,88eab83f-6a40-4470-a1bc-2d8d460bb105,fbf200dc-7e74-4d7f-a44a-c341d9b00d5b,0.001
79d351be-2b19-4c35-8a93-0a426832bc23,fbf200dc-7e74-4d7f-a44a-c341d9b00d5b,88eab83f-6a40-4470-a1bc-2d8d460bb105,1000
79d351be-2b19-4c35-8a93-0a426832bc23,88eab83f-6a40-4470-a1bc-2d8d460bb105,fbf200dc-7e74-4d7f-a44a-c341d9b00d5b,0.001
79d351be-2b19-4c35-8a93-0a426832bc23,88eab83f-6a40-4470-a1bc-2d8d460bb105,b338ace5-0f97-4c56-8ac4-615241ae6885,0.005
79d351be-2b19-4c35-8a93-0a426832bc23,88eab83f-6a40-4470-a1bc-2d8d460bb105,59bf857c-5a20-4b29-976b-f622822d733a,0.04
79d351be-2b19-4c35-8a93-0a426832bc23,b338ace5-0f97-4c56-8ac4-615241ae6885,88eab83f-6a40-4470-a1bc-2d8d460bb105,200
79d351be-2b19-4c35-8a93-0a426832bc23,b338ace5-0f97-4c56-8ac4-615241ae6885,59bf857c-5a20-4b29-976b-f622822d733a,8
79d351be-2b19-4c35-8a93-0a426832bc23,59bf857c-5a20-4b29-976b-f622822d733a,88eab83f-6a40-4470-a1bc-2d8d460bb105,25
79d351be-2b19-4c35-8a93-0a426832bc23,59bf857c-5a20-4b29-976b-f622822d733a,b338ace5-0f97-4c56-8ac4-615241ae6885,0.125
7b9a0da2-f5f9-45d1-9fc4-8e26ed064936,fbf200dc-7e74-4d7f-a44a-c341d9b00d5b,88eab83f-6a40-4470-a1bc-2d8d460bb105,1000
7b9a0da2-f5f9-45d1-9fc4-8e26ed064936,88eab83f-6a40-4470-a1bc-2d8d460bb105,fbf200dc-7e74-4d7f-a44a-c341d9b00d5b,0.001
7b9a0da2-f5f9-45d1-9fc4-8e26ed064936,88eab83f-6a40-4470-a1bc-2d8d460bb105,b338ace5-0f97-4c56-8ac4-615241ae6885,0.005
7b9a0da2-f5f9-45d1-9fc4-8e26ed064936,88eab83f-6a40-4470-a1bc-2d8d460bb105,59bf857c-5a20-4b29-976b-f622822d733a,0.04
7b9a0da2-f5f9-45d1-9fc4-8e26ed064936,b338ace5-0f97-4c56-8ac4-615241ae6885,88eab83f-6a40-4470-a1bc-2d8d460bb105,200
7b9a0da2-f5f9-45d1-9fc4-8e26ed064936,b338ace5-0f97-4c56-8ac4-615241ae6885,59bf857c-5a20-4b29-976b-f622822d733a,8
7b9a0da2-f5f9-45d1-9fc4-8e26ed064936,59bf857c-5a20-4b29-976b-f622822d733a,88eab83f-6a40-4470-a1bc-2d8d460bb105,25
7b9a0da2-f5f9-45d1-9fc4-8e26ed064936,59bf857c-5a20-4b29-976b-f622822d733a,b338ace5-0f97-4c56-8ac4-615241ae6885,0.125
d9f3d1c2-309c-417f-9e0f-1d39d62ea314,fbf200dc-7e74-4d7f-a44a-c341d9b00d5b,88eab83f-6a40-4470-a1bc-2d8d460bb105,1000
d9f3d1c2-309c-417f-9e0f-1d39d62ea314,88eab83f-6a40-4470-a1bc-2d8d460bb105,fbf200dc-7e74-4d7f-a44a-c341d9b00d5b,0.001
d9f3d1c2-309c-417f-9e0f-1d39d62ea314,88eab83f-6a40-4470-a1bc-2d8d460bb105,b338ace5-0f97-4c56-8ac4-615241ae6885,0.005
d9f3d1c2-309c-417f-9e0f-1d39d62ea314,88eab83f-6a40-4470-a1bc-2d8d460bb105,59bf857c-5a20-4b29-976b-f622822d733a,0.04
d9f3d1c2-309c-417f-9e0f-1d39d62ea314,b338ace5-0f97-4c56-8ac4-615241ae6885,88eab83f-6a40-4470-a1bc-2d8d460bb105,200
d9f3d1c2-309c-417f-9e0f-1d39d62ea314,b338ace5-0f97-4c56-8ac4-615241ae6885,59bf857c-5a20-4b29-976b-f622822d733a,8
d9f3d1c2-309c-417f-9e0f-1d39d62ea314,59bf857c-5a20-4b29-976b-f622822d733a,88eab83f-6a40-4470-a1bc-2d8d460bb105,25
d9f3d1c2-309c-417f-9e0f-1d39d62ea314,59bf857c-5a20-4b29-976b-f622822d733a,b338ace5-0f97-4c56-8ac4-615241ae6885,0.125
17015c7b-e74d-4774-afe9-0dd5cb837bed,fbf200dc-7e74-4d7f-a44a-c341d9b00d5b,88eab83f-6a40-4470-a1bc-2d8d460bb105,1000
17015c7b-e74d-4774-afe9-0dd5cb837bed,88eab83f-6a40-4470-a1bc-2d8d460bb105,fbf200dc-7e74-4d7f-a44a-c341d9b00d5b,0.001
6162fa94-f602-4376-9659-f87433bca77e,fbf200dc-7e74-4d7f-a44a-c341d9b00d5b,88eab83f-6a40-4470-a1bc-2d8d460bb105,1000
6162fa94-f602-4376-9659-f87433bca77e,88eab83f-6a40-4470-a1bc-2d8d460bb105,fbf200dc-7e74-4d7f-a44a-c341d9b00d5b,0.001
6162fa94-f602-4376-9659-f87433bca77e,85893ecf-fa96-4f5c-a6a3-d70371d83269,cc07c68b-c9a0-4de2-b0f0-b0ca4e8994ec,0.3333333333333333
6162fa94-f602-4376-9659-f87433bca77e,cc07c68b-c9a0-4de2-b0f0-b0ca4e8994ec,85893ecf-fa96-4f5c-a6a3-d70371d83269,3
0d105985-1449-480f-8a59-a28b1a842f3c,fbf200dc-7e74-4d7f-a44a-c341d9b00d5b,88eab83f-6a40-4470-a1bc-2d8d460bb105,1000
0d105985-1449-480f-8a59-a28b1a842f3c,88eab83f-6a40-4470-a1bc-2d8d460bb105,fbf200dc-7e74-4d7f-a44a-c341d9b00d5b,0.001
0d105985-1449-480f-8a59-a28b1a842f3c,88eab83f-6a40-4470-a1bc-2d8d460bb105,b338ace5-0f97-4c56-8ac4-615241ae6885,0.005
0d105985-1449-480f-8a59-a28b1a842f3c,b338ace5-0f97-4c56-8ac4-615241ae6885,88eab83f-6a40-4470-a1bc-2d8d460bb105,200
c88c52ba-2534-40e4-8d49-3b0860df4649,fbf200dc-7e74-4d7f-a44a-c341d9b00d5b,88eab83f-6a40-4470-a1bc-2d8d460bb105,1000
c88c52ba-2534-40e4-8d49-3b0860df4649,88eab83f-6a40-4470-a1bc-2d8d460bb105,fbf200dc-7e74-4d7f-a44a-c341d9b00d5b,0.001
678754a1-100d-4cef-ace6-2d66f80fe67e,fbf200dc-7e74-4d7f-a44a-c341d9b00d5b,88eab83f-6a40-4470-a1bc-2d8d460bb105,1000
678754a1-100d-4cef-ace6-2d66f80fe67e,88eab83f-6a40-4470-a1bc-2d8d460bb105,fbf200dc-7e74-4d7f-a44a-c341d9b00d5b,0.001
678754a1-100d-4cef-ace6-2d66f80fe67e,88eab83f-6a40-4470-a1bc-2d8d460bb105,b338ace5-0f97-4c56-8ac4-615241ae6885,0.005
678754a1-100d-4cef-ace6-2d66f80fe67e,88eab83f-6a40-4470-a1bc-2d8d460bb105,59bf857c-5a20-4b29-976b-f622822d733a,0.04
678754a1-100d-4cef-ace6-2d66f80fe67e,b338ace5-0f97-4c56-8ac4-615241ae6885,88eab83f-6a40-4470-a1bc-2d8d460bb105,200
678754a1-100d-4cef-ace6-2d66f80fe67e,b338ace5-0f97-4c56-8ac4-615241ae6885,59bf857c-5a20-4b29-976b-f622822d733a,8
678754a1-100d-4cef-ace6-2d66f80fe67e,59bf857c-5a20-4b29-976b-f622822d733a,88eab83f-6a40-4470-a1bc-2d8d460bb105,25
678754a1-100d-4cef-ace6-2d66f80fe67e,59bf857c-5a20-4b29-976b-f622822d733a,b338ace5-0f97-4c56-8ac4-615241ae6885,0.125
5c92d401-9ee4-4940-9b73-86fa01228d4a,fbf200dc-7e74-4d7f-a44a-c341d9b00d5b,88eab83f-6a40-4470-a1bc-2d8d460bb105,1000
5c92d401-9ee4-4940-9b73-86fa01228d4a,88eab83f-6a40-4470-a1bc-2d8d460bb105,fbf200dc-7e74-4d7f-a44a-c341d9b00d5b,0.001
4c102109-1ee9-43c5-9e88-bacf0e668d0d,fbf200dc-7e74-4d7f-a44a-c341d9b00d5b,88eab83f-6a40-4470-a1bc-2d8d460bb105,1000
4c102109-1ee9-43c5-9e88-bacf0e668d0d,88eab83f-6a40-4470-a1bc-2d8d460bb105,fbf200dc-7e74-4d7f-a44a-c341d9b00d5b,0.001
0f6e6b4f-61e7-400f-b8d4-693e399d2b1e,fbf200dc-7e74-4d7f-a44a-c341d9b00d5b,88eab83f-6a40-4470-a1bc-2d8d460bb105,1000
0f6e6b4f-61e7-400f-b8d4-693e399d2b1e,88eab83f-6a40-4470-a1bc-2d8d460bb105,fbf200dc-7e74-4d7f-a44a-c341d9b00d5b,0.001
0f6e6b4f-61e7-400f-b8d4-693e399d2b1e,88eab83f-6a40-4470-a1bc-2d8d460bb105,b338ace5-0f97-4c56-8ac4-615241ae6885,0.005
0f6e6b4f-61e7-400f-b8d4-693e399d2b1e,88eab83f-6a40-4470-a1bc-2d8d460bb105,59bf857c-5a20-4b29-976b-f622822d733a,0.04
0f6e6b4f-61e7-400f-b8d4-693e399d2b1e,b338ace5-0f97-4c56-8ac4-615241ae6885,88eab83f-6a40-4470-a1bc-2d8d460bb105,200
0f6e6b4f-61e7-400f-b8d4-693e399d2b1e,b338ace5-0f97-4c56-8ac4-615241ae6885,59bf857c-5a20-4b29-976b-f622822d733a,8
0f6e6b4f-61e7-400f-b8d4-693e399d2b1e,59bf857c-5a20-4b29-976b-f622822d733a,88eab83f-6a40-4470-a1bc-2d8d460bb105,25
0f6e6b4f-61e7-400f-b8d4-693e399d2b1e,59bf857c-5a20-4b29-976b-f622822d733a,b338ace5-0f97-4c56-8ac4-615241ae6885,0.125
b224635c-e836-45a3-8d9a-150bcc18b1b7,fbf200dc-7e74-4d7f-a44a-c341d9b00d5b,88eab83f-6a40-4470-a1bc-2d8d460bb105,1000
b224635c-e836-45a3-8d9a-150bcc18b1b7,88eab83f-6a40-4470-a1bc-2d8d460bb105,fbf200dc-7e74-4d7f-a44a-c341d9b00d5b,0.001
b224635c-e836-45a3-8d9a-150bcc18b1b7,88eab83f-6a40-4470-a1bc-2d8d460bb105,b338ace5-0f97-4c56-8ac4-615241ae6885,0.005
b224635c-e836-45a3-8d9a-150bcc18b1b7,88eab83f-6a40-4470-a1bc-2d8d460bb105,59bf857c-5a20-4b29-976b-f622822d733a,0.04
b224635c-e836-45a3-8d9a-150bcc18b1b7,b338ace5-0f97-4c56-8ac4-615241ae6885,88eab83f-6a40-4470-a1bc-2d8d460bb105,200
b224635c-e836-45a3-8d9a-150bcc18b1b7,b338ace5-0f97-4c56-8ac4-615241ae6885,59bf857c-5a20-4b29-976b-f622822d733a,8
b224635c-e836-45a3-8d9a-150bcc18b1b7,59bf857c-5a20-4b29-976b-f622822d733a,88eab83f-6a40-4470-a1bc-2d8d460bb105,25
b224635c-e836-45a3-8d9a-150bcc18b1b7,59bf857c-5a20-4b29-976b-f622822d733a,b338ace5-0f97-4c56-8ac4-615241ae6885,0.125
e2e91854-f8ca-427f-9b32-e18fd2a48498,fbf200dc-7e74-4d7f-a44a-c341d9b00d5b,88eab83f-6a40-4470-a1bc-2d8d460bb105,1000
e2e91854-f8ca-427f-9b32-e18fd2a48498,88eab83f-6a40-4470-a1bc-2d8d460bb105,fbf200dc-7e74-4d7f-a44a-c341d9b00d5b,0.001
e2e91854-f8ca-427f-9b32-e18fd2a48498,88eab83f-6a40-4470-a1bc-2d8d460bb105,b338ace5-0f97-4c56-8ac4-615241ae6885,0.005
e2e91854-f8ca-427f-9b32-e18fd2a48498,b338ace5-0f97-4c56-8ac4-615241ae6885,88eab83f-6a40-4470-a1bc-2d8d460bb105,200
626c897a-34f6-412e-8f78-9474d056768a,fbf200dc-7e74-4d7f-a44a-c341d9b00d5b,88eab83f-6a40-4470-a1bc-2d8d460bb105,1000
626c897a-34f6-412e-8f78-9474d056768a,88eab83f-6a40-4470-a1bc-2d8d460bb105,fbf200dc-7e74-4d7f-a44a-c341d9b00d5b,0.001
626c897a-34f6-412e-8f78-9474d056768a,88eab83f-6a40-4470-a1bc-2d8d460bb105,b338ace5-0f97-4c56-8ac4-615241ae6885,0.005
626c897a-34f6-412e-8f78-9474d056768a,88eab83f-6a40-4470-a1bc-2d8d460bb105,59bf857c-5a20-4b29-976b-f622822d733a,0.04
626c897a-34f6-412e-8f78-9474d056768a,b338ace5-0f97-4c56-8ac4-615241ae6885,88eab83f-6a40-4470-a1bc-2d8d460bb105,200
626c897a-34f6-412e-8f78-9474d056768a,b338ace5-0f97-4c56-8ac4-615241ae6885,59bf857c-5a20-4b29-976b-f622822d733a,8
626c897a-34f6-412e-8f78-9474d056768a,59bf857c-5a20-4b29-976b-f622822d733a,88eab83f-6a40-4470-a1bc-2d8d460bb105,25
626c897a-34f6-412e-8f78-9474d056768a,59bf857c-5a20-4b29-976b-f622822d733a,b338ace5-0f97-4c56-8ac4-615241ae6885,0.125
f2ccb5c7-cc9a-4776-ba35-df2c9bf7da19,fbf200dc-7e74-4d7f-a44a-c341d9b00d5b,88eab83f-6a40-4470-a1bc-2d8d460bb105,1000
f2ccb5c7-cc9a-4776-ba35-df2c9bf7da19,88eab83f-6a40-4470-a1bc-2d8d460bb105,fbf200dc-7e74-4d7f-a44a-c341d9b00d5b,0.001
f2ccb5c7-cc9a-4776-ba35-df2c9bf7da19,88eab83f-6a40-4470-a1bc-2d8d460bb105,b338ace5-0f97-4c56-8ac4-615241ae6885,0.005
f2ccb5c7-cc9a-4776-ba35-df2c9bf7da19,88eab83f-6a40-4470-a1bc-2d8d460bb105,59bf857c-5a20-4b29-976b-f622822d733a,0.04
f2ccb5c7-cc9a-4776-ba35-df2c9bf7da19,b338ace5-0f97-4c56-8ac4-615241ae6885,88eab83f-6a40-4470-a1bc-2d8d460bb105,200
f2ccb5c7-cc9a-4776-ba35-df2c9bf7da19,b338ace5-0f97-4c56-8ac4-615241ae6885,59bf857c-5a20-4b29-976b-f622822d733a,8
f2ccb5c7-cc9a-4776-ba35-df2c9bf7da19,59bf857c-5a20-4b29-976b-f622822d733a,88eab83f-6a40-4470-a1bc-2d8d460bb105,25
f2ccb5c7-cc9a-4776-ba35-df2c9bf7da19,59bf857c-5a20-4b29-976b-f622822d733a,b338ace5-0f97-4c56-8ac4-615241ae6885,0.125
cb232181-c09f-4dc0-90fe-246ec3a8dad3,fbf200dc-7e74-4d7f-a44a-c341d9b00d5b,88eab83f-6a40-4470-a1bc-2d8d460bb105,1000
cb232181-c09f-4dc0-90fe-246ec3a8dad3,88eab83f-6a40-4470-a1bc-2d8d460bb105,fbf200dc-7e74-4d7f-a44a-c341d9b00d5b,0.001
1b3391c1-2f8b-49f8-a0d1-f876f1ed15f5,fbf200dc-7e74-4d7f-a44a-c341d9b00d5b,88eab83f-6a40-4470-a1bc-2d8d460bb105,1000
1b3391c1-2f8b-49f8-a0d1-f876f1ed15f5,88eab83f-6a40-4470-a1bc-2d8d460bb105,fbf200dc-7e74-4d7f-a44a-c341d9b00d5b,0.001
1b3391c1-2f8b-49f8-a0d1-f876f1ed15f5,88eab83f-6a40-4470-a1bc-2d8d460bb105,59bf857c-5a20-4b29-976b-f622822d733a,0.04
1b3391c1-2f8b-49f8-a0d1-f876f1ed15f5,59bf857c-5a20-4b29-976b-f622822d733a,88eab83f-6a40-4470-a1bc-2d8d460bb105,25
9bd72cef-87e4-4108-a047-e3df0529eee9,70b712c6-9a2e-414f-ae1d-bcf7700364f4,e7e4bc58-caec-4a62-b2c7-3fbc4c9b11cc,1000
9bd72cef-87e4-4108-a047-e3df0529eee9,e7e4bc58-caec-4a62-b2c7-3fbc4c9b11cc,70b712c6-9a2e-414f-ae1d-bcf7700364f4,0.001
9bd72cef-87e4-4108-a047-e3df0529eee9,e7e4bc58-caec-4a62-b2c7-3fbc4c9b11cc,76c5ef78-b4c1-4048-bc7d-8d3c2a43154b,0.004166666666666667
9bd72cef-87e4-4108-a047-e3df0529eee9,e7e4bc58-caec-4a62-b2c7-3fbc4c9b11cc,85893ecf-fa96-4f5c-a6a3-d70371d83269,0.2
9bd72cef-87e4-4108-a047-e3df0529eee9,e7e4bc58-caec-4a62-b2c7-3fbc4c9b11cc,cc07c68b-c9a0-4de2-b0f0-b0ca4e8994ec,0.06666666666666667
9bd72cef-87e4-4108-a047-e3df0529eee9,76c5ef78-b4c1-4048-bc7d-8d3c2a43154b,e7e4bc58-caec-4a62-b2c7-3fbc4c9b11cc,240
9bd72cef-87e4-4108-a047-e3df0529eee9,76c5ef78-b4c1-4048-bc7d-8d3c2a43154b,cc07c68b-c9a0-4de2-b0f0-b0ca4e8994ec,16
9bd72cef-87e4-4108-a047-e3df0529eee9,85893ecf-fa96-4f5c-a6a3-d70371d83269,e7e4bc58-caec-4a62-b2c7-3fbc4c9b11cc,5
9bd72cef-87e4-4108-a047-e3df0529eee9,85893ecf-fa96-4f5c-a6a3-d70371d83269,cc07c68b-c9a0-4de2-b0f0-b0ca4e8994ec,0.3333333333333333
9bd72cef-87e4-4108-a047-e3df0529eee9,cc07c68b-c9a0-4de2-b0f0-b0ca4e8994ec,e7e4bc58-caec-4a62-b2c7-3fbc4c9b11cc,15
9bd72cef-87e4-4108-a047-e3df0529eee9,cc07c68b-c9a0-4de2-b0f0-b0ca4e8994ec,76c5ef78-b4c1-4048-bc7d-8d3c2a43154b,0.0625
9bd72cef-87e4-4108-a047-e3df0529eee9,cc07c68b-c9a0-4de2-b0f0-b0ca4e8994ec,85893ecf-fa96-4f5c-a6a3-d70371d83269,3
008340ad-18b2-4ed8-9eab-da78f798910d,fbf200dc-7e74-4d7f-a44a-c341d9b00d5b,88eab83f-6a40-4470-a1bc-2d8d460bb105,1000
008340ad-18b2-4ed8-9eab-da78f798910d,88eab83f-6a40-4470-a1bc-2d8d460bb105,fbf200dc-7e74-4d7f-a44a-c341d9b00d5b,0.001
ca0aa585-83cd-496f-b04b-5578e131f293,fbf200dc-7e74-4d7f-a44a-c341d9b00d5b,88eab83f-6a40-4470-a1bc-2d8d460bb105,1000
ca0aa585-83cd-496f-b04b-5578e131f293,88eab83f-6a40-4470-a1bc-2d8d460bb105,fbf200dc-7e74-4d7f-a44a-c341d9b00d5b,0.001
ca0aa585-83cd-496f-b04b-5578e131f293,88eab83f-6a40-4470-a1bc-2d8d460bb105,b338ace5-0f97-4c56-8ac4-615241ae6885,0.005
ca0aa585-83cd-496f-b04b-5578e131f293,88eab83f-6a40-4470-a1bc-2d8d460bb105,59bf857c-5a20-4b29-976b-f622822d733a,0.04
ca0aa585-83cd-496f-b04b-5578e131f293,b338ace5-0f97-4c56-8ac4-615241ae6885,88eab83f-6a40-4470-a1bc-2d8d460bb105,200
ca0aa585-83cd-496f-b04b-5578e131f293,b338ace5-0f97-4c56-8ac4-615241ae6885,59bf857c-5a20-4b29-976b-f622822d733a,8
ca0aa585-83cd-496f-b04b-5578e131f293,59bf857c-5a20-4b29-976b-f622822d733a,88eab83f-6a40-4470-a1bc-2d8d460bb105,25
ca0aa585-83cd-496f-b04b-5578e131f293,59bf857c-5a20-4b29-976b-f622822d733a,b338ace5-0f97-4c56-8ac4-615241ae6885,0.125
c261d725-4f92-4bb5-a150-0da24d7a520b,fbf200dc-7e74-4d7f-a44a-c341d9b00d5b,88eab83f-6a40-4470-a1bc-2d8d460bb105,1000
c261d725-4f92-4bb5-a150-0da24d7a520b,88eab83f-6a40-4470-a1bc-2d8d460bb105,fbf200dc-7e74-4d7f-a44a-c341d9b00d5b,0.001
a1fc11e8-6c74-4e1a-95a6-654f4c96bcf8,fbf200dc-7e74-4d7f-a44a-c341d9b00d5b,88eab83f-6a40-4470-a1bc-2d8d460bb105,1000
a1fc11e8-6c74-4e1a-95a6-654f4c96bcf8,88eab83f-6a40-4470-a1bc-2d8d460bb105,fbf200dc-7e74-4d7f-a44a-c341d9b00d5b,0.001
58564747-90f7-4053-bf00-599fe78dfa96,fbf200dc-7e74-4d7f-a44a-c341d9b00d5b,88eab83f-6a40-4470-a1bc-2d8d460bb105,1000
58564747-90f7-4053-bf00-599fe78dfa96,88eab83f-6a40-4470-a1bc-2d8d460bb105,fbf200dc-7e74-4d7f-a44a-c341d9b00d5b,0.001
9266dcfa-f2c0-4ea5-a6d4-303297476cc4,fbf200dc-7e74-4d7f-a44a-c341d9b00d5b,88eab83f-6a40-4470-a1bc-2d8d460bb105,1000
9266dcfa-f2c0-4ea5-a6d4-303297476cc4,88eab83f-6a40-4470-a1bc-2d8d460bb105,fbf200dc-7e74-4d7f-a44a-c341d9b00d5b,0.001
8da402f8-94e1-4387-9468-c6b7cfcbf460,fbf200dc-7e74-4d7f-a44a-c341d9b00d5b,88eab83f-6a40-4470-a1bc-2d8d460bb105,1000
8da402f8-94e1-4387-9468-c6b7cfcbf460,88eab83f-6a40-4470-a1bc-2d8d460bb105,fbf200dc-7e74-4d7f-a44a-c341d9b00d5b,0.001
c4e88c03-7fef-4d55-b9b9-3a3a79d1ba83,fbf200dc-7e74-4d7f-a44a-c341d9b00d5b,88eab83f-6a40-4470-a1bc-2d8d460bb105,1000
c4e88c03-7fef-4d55-b9b9-3a3a79d1ba83,88eab83f-6a40-4470-a1bc-2d8d460bb105,fbf200dc-7e74-4d7f-a44a-c341d9b00d5b,0.001
31d3c9c1-2bca-4db6-8e6e-68a2e079938d,fbf200dc-7e74-4d7f-a44a-c341d9b00d5b,88eab83f-6a40-4470-a1bc-2d8d460bb105,1000
31d3c9c1-2bca-4db6-8e6e-68a2e079938d,88eab83f-6a40-4470-a1bc-2d8d460bb105,fbf200dc-7e74-4d7f-a44a-c341d9b00d5b,0.001
414c6e0a-6b4b-4a47-9424-2589544c0985,fbf200dc-7e74-4d7f-a44a-c341d9b00d5b,88eab83f-6a40-4470-a1bc-2d8d460bb105,1000
414c6e0a-6b4b-4a47-9424-2589544c0985,88eab83f-6a40-4470-a1bc-2d8d460bb105,fbf200dc-7e74-4d7f-a44a-c341d9b00d5b,0.001
397a895b-3fe7-40a7-847c-ff5cebbceb4c,70b712c6-9a2e-414f-ae1d-bcf7700364f4,e7e4bc58-caec-4a62-b2c7-3fbc4c9b11cc,1000
397a895b-3fe7-40a7-847c-ff5cebbceb4c,e7e4bc58-caec-4a62-b2c7-3fbc4c9b11cc,70b712c6-9a2e-414f-ae1d-bcf7700364f4,0.001
397a895b-3fe7-40a7-847c-ff5cebbceb4c,e7e4bc58-caec-4a62-b2c7-3fbc4c9b11cc,76c5ef78-b4c1-4048-bc7d-8d3c2a43154b,0.004166666666666667
397a895b-3fe7-40a7-847c-ff5cebbceb4c,e7e4bc58-caec-4a62-b2c7-3fbc4c9b11cc,85893ecf-fa96-4f5c-a6a3-d70371d83269,0.2
397a895b-3fe7-40a7-847c-ff5cebbceb4c,e7e4bc58-caec-4a62-b2c7-3fbc4c9b11cc,cc07c68b-c9a0-4de2-b0f0-b0ca4e8994ec,0.06666666666666667
397a895b-3fe7-40a7-847c-ff5cebbceb4c,76c5ef78-b4c1-4048-bc7d-8d3c2a43154b,e7e4bc58-caec-4a62-b2c7-3fbc4c9b11cc,240
397a895b-3fe7-40a7-847c-ff5cebbceb4c,76c5ef78-b4c1-4048-bc7d-8d3c2a43154b,cc07c68b-c9a0-4de2-b0f0-b0ca4e8994ec,16
397a895b-3fe7-40a7-847c-ff5cebbceb4c,85893ecf-fa96-4f5c-a6a3-d70371d83269,e7e4bc58-caec-4a62-b2c7-3fbc4c9b11cc,5
397a895b-3fe7-40a7-847c-ff5cebbceb4c,85893ecf-fa96-4f5c-a6a3-d70371d83269,cc07c68b-c9a0-4de2-b0f0-b0ca4e8994ec,0.3333333333333333
397a895b-3fe7-40a7-847c-ff5cebbceb4c,cc07c68b-c9a0-4de2-b0f0-b0ca4e8994ec,e7e4bc58-caec-4a62-b2c7-3fbc4c9b11cc,15
397a895b-3fe7-40a7-847c-ff5cebbceb4c,cc07c68b-c9a0-4de2-b0f0-b0ca4e8994ec,76c5ef78-b4c1-4048-bc7d-8d3c2a43154b,0.0625
397a895b-3fe7-40a7-847c-ff5cebbceb4c,cc07c68b-c9a0-4de2-b0f0-b0ca4e8994ec,85893ecf-fa96-4f5c-a6a3-d70371d83269,3
7bd2d809-c73e-4b12-ad13-398b5a0235f8,fbf200dc-7e74-4d7f-a44a-c341d9b00d5b,88eab83f-6a40-4470-a1bc-2d8d460bb105,1000
7bd2d809-c73e-4b12-ad13-398b5a0235f8,88eab83f-6a40-4470-a1bc-2d8d460bb105,fbf200dc-7e74-4d7f-a44a-c341d9b00d5b,0.001
21b74ccf-3fa4-4de2-959e-5bed5f5469de,fbf200dc-7e74-4d7f-a44a-c341d9b00d5b,88eab83f-6a40-4470-a1bc-2d8d460bb105,1000
21b74ccf-3fa4-4de2-959e-5bed5f5469de,88eab83f-6a40-4470-a1bc-2d8d460bb105,fbf200dc-7e74-4d7f-a44a-c341d9b00d5b,0.001
7ebd8830-e505-4ed4-8fff-0a35d306e377,fbf200dc-7e74-4d7f-a44a-c341d9b00d5b,88eab83f-6a40-4470-a1bc-2d8d460bb105,1000
7ebd8830-e505-4ed4-8fff-0a35d306e377,88eab83f-6a40-4470-a1bc-2d8d460bb105,fbf200dc-7e74-4d7f-a44a-c341d9b00d5b,0.001
42b87fca-1db3-4666-8eff-f622cd40e0f7,fbf200dc-7e74-4d7f-a44a-c341d9b00d5b,88eab83f-6a40-4470-a1bc-2d8d460bb105,1000
42b87fca-1db3-4666-8eff-f622cd40e0f7,88eab83f-6a40-4470-a1bc-2d8d460bb105,fbf200dc-7e74-4d7f-a44a-c341d9b00d5b,0.001
d0156778-ad53-4edf-8292-2e114234573b,fbf200dc-7e74-4d7f-a44a-c341d9b00d5b,88eab83f-6a40-4470-a1bc-2d8d460bb105,1000
d0156778-ad53-4edf-8292-2e114234573b,88eab83f-6a40-4470-a1bc-2d8d460bb105,fbf200dc-7e74-4d7f-a44a-c341d9b00d5b,0.001
d0156778-ad53-4edf-8292-2e114234573b,88eab83f-6a40-4470-a1bc-2d8d460bb105,b338ace5-0f97-4c56-8ac4-615241ae6885,0.005
d0156778-ad53-4edf-8292-2e114234573b,88eab83f-6a40-4470-a1bc-2d8d460bb105,59bf857c-5a20-4b29-976b-f622822d733a,0.04
d0156778-ad53-4edf-8292-2e114234573b,b338ace5-0f97-4c56-8ac4-615241ae6885,88eab83f-6a40-4470-a1bc-2d8d460bb105,200
d0156778-ad53-4edf-8292-2e114234573b,b338ace5-0f97-4c56-8ac4-615241ae6885,59bf857c-5a20-4b29-976b-f622822d733a,8
d0156778-ad53-4edf-8292-2e114234573b,59bf857c-5a20-4b29-976b-f622822d733a,88eab83f-6a40-4470-a1bc-2d8d460bb105,25
d0156778-ad53-4edf-8292-2e114234573b,59bf857c-5a20-4b29-976b-f622822d733a,b338ace5-0f97-4c56-8ac4-615241ae6885,0.125
18d709a8-a642-4ddf-9734-5b22c02cfa3e,fbf200dc-7e74-4d7f-a44a-c341d9b00d5b,88eab83f-6a40-4470-a1bc-2d8d460bb105,1000
18d709a8-a642-4ddf-9734-5b22c02cfa3e,88eab83f-6a40-4470-a1bc-2d8d460bb105,fbf200dc-7e74-4d7f-a44a-c341d9b00d5b,0.001
ee6611b2-a656-4c16-b938-ccede9148216,fbf200dc-7e74-4d7f-a44a-c341d9b00d5b,88eab83f-6a40-4470-a1bc-2d8d460bb105,1000
ee6611b2-a656-4c16-b938-ccede9148216,88eab83f-6a40-4470-a1bc-2d8d460bb105,fbf200dc-7e74-4d7f-a44a-c341d9b00d5b,0.001
70da1e02-29df-4e19-83ca-e0e29d855544,fbf200dc-7e74-4d7f-a44a-c341d9b00d5b,88eab83f-6a40-4470-a1bc-2d8d460bb105,1000
70da1e02-29df-4e19-83ca-e0e29d855544,88eab83f-6a40-4470-a1bc-2d8d460bb105,fbf200dc-7e74-4d7f-a44a-c341d9b00d5b,0.001
70da1e02-29df-4e19-83ca-e0e29d855544,88eab83f-6a40-4470-a1bc-2d8d460bb105,b338ace5-0f97-4c56-8ac4-615241ae6885,0.005
70da1e02-29df-4e19-83ca-e0e29d855544,88eab83f-6a40-4470-a1bc-2d8d460bb105,a85e6a9e-8c99-410d-a1bc-ee1f6a4b13fe,0.2
70da1e02-29df-4e19-83ca-e0e29d855544,b338ace5-0f97-4c56-8ac4-615241ae6885,88eab83f-6a40-4470-a1bc-2d8d460bb105,200
70da1e02-29df-4e19-83ca-e0e29d855544,b338ace5-0f97-4c56-8ac4-615241ae6885,a85e6a9e-8c99-410d-a1bc-ee1f6a4b13fe,10
70da1e02-29df-4e19-83ca-e0e29d855544,a85e6a9e-8c99-410d-a1bc-ee1f6a4b13fe,88eab83f-6a40-4470-a1bc-2d8d460bb105,5
70da1e02-29df-4e19-83ca-e0e29d855544,a85e6a9e-8c99-410d-a1bc-ee1f6a4b13fe,b338ace5-0f97-4c56-8ac4-615241ae6885,0.1
166b6140-d29b-441a-80f6-c13ce8e846ed,fbf200dc-7e74-4d7f-a44a-c341d9b00d5b,88eab83f-6a40-4470-a1bc-2d8d460bb105,1000
166b6140-d29b-441a-80f6-c13ce8e846ed,88eab83f-6a40-4470-a1bc-2d8d460bb105,fbf200dc-7e74-4d7f-a44a-c341d9b00d5b,0.001
166b6140-d29b-441a-80f6-c13ce8e846ed,88eab83f-6a40-4470-a1bc-2d8d460bb105,b338ace5-0f97-4c56-8ac4-615241ae6885,0.005
166b6140-d29b-441a-80f6-c13ce8e846ed,b338ace5-0f97-4c56-8ac4-615241ae6885,88eab83f-6a40-4470-a1bc-2d8d460bb105,200
f5d56393-a959-49db-a83f-82bb293e3f86,fbf200dc-7e74-4d7f-a44a-c341d9b00d5b,88eab83f-6a40-4470-a1bc-2d8d460bb105,1000
f5d56393-a959-49db-a83f-82bb293e3f86,88eab83f-6a40-4470-a1bc-2d8d460bb105,fbf200dc-7e74-4d7f-a44a-c341d9b00d5b,0.001
4f7d0cf6-bf55-4514-9db0-b1f32e09f9ea,fbf200dc-7e74-4d7f-a44a-c341d9b00d5b,88eab83f-6a40-4470-a1bc-2d8d460bb105,1000
4f7d0cf6-bf55-4514-9db0-b1f32e09f9ea,88eab83f-6a40-4470-a1bc-2d8d460bb105,fbf200dc-7e74-4d7f-a44a-c341d9b00d5b,0.001
cabab904-8ec4-4d1b-b701-99093a9c8220,fbf200dc-7e74-4d7f-a44a-c341d9b00d5b,88eab83f-6a40-4470-a1bc-2d8d460bb105,1000
cabab904-8ec4-4d1b-b701-99093a9c8220,88eab83f-6a40-4470-a1bc-2d8d460bb105,fbf200dc-7e74-4d7f-a44a-c341d9b00d5b,0.001
a9ce1c00-1b78-4246-82fe-f11c4e17252d,fbf200dc-7e74-4d7f-a44a-c341d9b00d5b,88eab83f-6a40-4470-a1bc-2d8d460bb105,1000
a9ce1c00-1b78-4246-82fe-f11c4e17252d,88eab83f-6a40-4470-a1bc-2d8d460bb105,fbf200dc-7e74-4d7f-a44a-c341d9b00d5b,0.001
a9ce1c00-1b78-4246-82fe-f11c4e17252d,88eab83f-6a40-4470-a1bc-2d8d460bb105,b338ace5-0f97-4c56-8ac4-615241ae6885,0.005
a9ce1c00-1b78-4246-82fe-f11c4e17252d,88eab83f-6a40-4470-a1bc-2d8d460bb105,59bf857c-5a20-4b29-976b-f622822d733a,0.04
a9ce1c00-1b78-4246-82fe-f11c4e17252d,b338ace5-0f97-4c56-8ac4-615241ae6885,88eab83f-6a40-4470-a1bc-2d8d460bb105,200
a9ce1c00-1b78-4246-82fe-f11c4e17252d,b338ace5-0f97-4c56-8ac4-615241ae6885,59bf857c-5a20-4b29-976b-f622822d733a,8
a9ce1c00-1b78-4246-82fe-f11c4e17252d,59bf857c-5a20-4b29-976b-f622822d733a,88eab83f-6a40-4470-a1bc-2d8d460bb105,25
a9ce1c00-1b78-4246-82fe-f11c4e17252d,59bf857c-5a20-4b29-976b-f622822d733a,b338ace5-0f97-4c56-8ac4-615241ae6885,0.125
ec583eb9-56c3-422a-b34a-fbca1a285766,fbf200dc-7e74-4d7f-a44a-c341d9b00d5b,88eab83f-6a40-4470-a1bc-2d8d460bb105,1000
ec583eb9-56c3-422a-b34a-fbca1a285766,88eab83f-6a40-4470-a1bc-2d8d460bb105,fbf200dc-7e74-4d7f-a44a-c341d9b00d5b,0.001
5509cd51-1d9d-4dd4-9c7d-c1c943ca903b,fbf200dc-7e74-4d7f-a44a-c341d9b00d5b,88eab83f-6a40-4470-a1bc-2d8d460bb105,1000
5509cd51-1d9d-4dd4-9c7d-c1c943ca903b,88eab83f-6a40-4470-a1bc-2d8d460bb105,fbf200dc-7e74-4d7f-a44a-c341d9b00d5b,0.001
5e768450-4ec5-41c9-9096-81edd2c010c3,fbf200dc-7e74-4d7f-a44a-c341d9b00d5b,88eab83f-6a40-4470-a1bc-2d8d460bb105,1000
5e768450-4ec5-41c9-9096-81edd2c010c3,88eab83f-6a40-4470-a1bc-2d8d460bb105,fbf200dc-7e74-4d7f-a44a-c341d9b00d5b,0.001
5c3da6a1-fffd-499f-9a1e-37a1b0706fd4,fbf200dc-7e74-4d7f-a44a-c341d9b00d5b,88eab83f-6a40-4470-a1bc-2d8d460bb105,1000
5c3da6a1-fffd-499f-9a1e-37a1b0706fd4,88eab83f-6a40-4470-a1bc-2d8d460bb105,fbf200dc-7e74-4d7f-a44a-c341d9b00d5b,0.001
fb261397-84fc-4182-889b-96de72a6bd80,fbf200dc-7e74-4d7f-a44a-c341d9b00d5b,88eab83f-6a40-4470-a1bc-2d8d460bb105,1000
fb261397-84fc-4182-889b-96de72a6bd80,88eab83f-6a40-4470-a1bc-2d8d460bb105,fbf200dc-7e74-4d7f-a44a-c341d9b00d5b,0.001
e4430f19-f09d-48c6-a096-1a363146de40,fbf200dc-7e74-4d7f-a44a-c341d9b00d5b,88eab83f-6a40-4470-a1bc-2d8d460bb105,1000
e4430f19-f09d-48c6-a096-1a363146de40,88eab83f-6a40-4470-a1bc-2d8d460bb105,fbf200dc-7e74-4d7f-a44a-c341d9b00d5b,0.001
8ec89983-aa4d-4ef6-83a8-27d7db93eb7c,fbf200dc-7e74-4d7f-a44a-c341d9b00d5b,88eab83f-6a40-4470-a1bc-2d8d460bb105,1000
8ec89983-aa4d-4ef6-83a8-27d7db93eb7c,88eab83f-6a40-4470-a1bc-2d8d460bb105,fbf200dc-7e74-4d7f-a44a-c341d9b00d5b,0.001
ec1cbb0d-0975-43de-9aad-33debf9138f9,fbf200dc-7e74-4d7f-a44a-c341d9b00d5b,88eab83f-6a40-4470-a1bc-2d8d460bb105,1000
ec1cbb0d-0975-43de-9aad-33debf9138f9,88eab83f-6a40-4470-a1bc-2d8d460bb105,fbf200dc-7e74-4d7f-a44a-c341d9b00d5b,0.001
