recipe_id,ingredient_id,quantity,unit_id
ffa0bcfc-3669-45da-b766-678c4ba68bcb,71f878bb-a083-41d8-b81c-8b3b2abf6e9d,1.2,88eab83f-6a40-4470-a1bc-2d8d460bb105
ffa0bcfc-3669-45da-b766-678c4ba68bcb,0540f760-856d-455b-b8cc-ea7959723c19,3.7,88eab83f-6a40-4470-a1bc-2d8d460bb105
ffa0bcfc-3669-45da-b766-678c4ba68bcb,f2bea0e2-73c0-4d58-89e4-2d61f59424f5,4.4,88eab83f-6a40-4470-a1bc-2d8d460bb105
ffa0bcfc-3669-45da-b766-678c4ba68bcb,5c7fc23a-188d-4a53-9325-21ccef62d808,4.9,88eab83f-6a40-4470-a1bc-2d8d460bb105
ffa0bcfc-3669-45da-b766-678c4ba68bcb,c0ac9074-6434-422f-87b6-6cb85e853cb4,3.0,88eab83f-6a40-4470-a1bc-2d8d460bb105
ffa0bcfc-3669-45da-b766-678c4ba68bcb,1bb34aa2-e426-46e9-a518-d44fb6b419e5,1.0,88eab83f-6a40-4470-a1bc-2d8d460bb105
f54fb83f-7f8c-4f25-a2f6-05f014268f37,afb15d83-77bb-42bc-99dd-bc35ee2fd896,1.4,88eab83f-6a40-4470-a1bc-2d8d460bb105
f54fb83f-7f8c-4f25-a2f6-05f014268f37,5ef015e6-ac66-49a6-bc8a-d91c5ea037e3,1.3,88eab83f-6a40-4470-a1bc-2d8d460bb105
f54fb83f-7f8c-4f25-a2f6-05f014268f37,60c5638c-28fa-4b5e-976a-11c6de1ab517,1.4,88eab83f-6a40-4470-a1bc-2d8d460bb105
f54fb83f-7f8c-4f25-a2f6-05f014268f37,52b53d42-3782-4a61-972f-046752d553cf,4.3,88eab83f-6a40-4470-a1bc-2d8d460bb105
c6131461-403e-46f3-a89e-cd0051e0a7b4,2aa17ede-a10e-407f-8feb-41d0cc54dc7a,1.2,88eab83f-6a40-4470-a1bc-2d8d460bb105
c6131461-403e-46f3-a89e-cd0051e0a7b4,5c7fc23a-188d-4a53-9325-21ccef62d808,3.9,88eab83f-6a40-4470-a1bc-2d8d460bb105
c6131461-403e-46f3-a89e-cd0051e0a7b4,c0ac9074-6434-422f-87b6-6cb85e853cb4,1.8,88eab83f-6a40-4470-a1bc-2d8d460bb105
c6131461-403e-46f3-a89e-cd0051e0a7b4,9749559b-1b4b-483c-897b-96bd1aaa26ec,3.2,88eab83f-6a40-4470-a1bc-2d8d460bb105
c6131461-403e-46f3-a89e-cd0051e0a7b4,ec91d02e-e3f6-485e-b833-736251b98460,1.2,88eab83f-6a40-4470-a1bc-2d8d460bb105
542dd424-3fc8-44b9-9a6e-9240d7d77634,f1fe8e4c-494e-42c1-9db0-7ad42a28bfee,2.2,88eab83f-6a40-4470-a1bc-2d8d460bb105
542dd424-3fc8-44b9-9a6e-9240d7d77634,5c7fc23a-188d-4a53-9325-21ccef62d808,3.9,88eab83f-6a40-4470-a1bc-2d8d460bb105
542dd424-3fc8-44b9-9a6e-9240d7d77634,afb15d83-77bb-42bc-99dd-bc35ee2fd896,3.5,88eab83f-6a40-4470-a1bc-2d8d460bb105
542dd424-3fc8-44b9-9a6e-9240d7d77634,52b53d42-3782-4a61-972f-046752d553cf,4.2,88eab83f-6a40-4470-a1bc-2d8d460bb105
dc5b7fab-f2c5-4c74-94f0-fede30341a00,f2bea0e2-73c0-4d58-89e4-2d61f59424f5,2.5,88eab83f-6a40-4470-a1bc-2d8d460bb105
dc5b7fab-f2c5-4c74-94f0-fede30341a00,5c7fc23a-188d-4a53-9325-21ccef62d808,1.7,88eab83f-6a40-4470-a1bc-2d8d460bb105
dc5b7fab-f2c5-4c74-94f0-fede30341a00,ab70cc29-3c38-4990-aacb-da019ba11dd1,1.6,88eab83f-6a40-4470-a1bc-2d8d460bb105
dc5b7fab-f2c5-4c74-94f0-fede30341a00,1bb34aa2-e426-46e9-a518-d44fb6b419e5,2.7,88eab83f-6a40-4470-a1bc-2d8d460bb105
e4ad0a50-b67d-4aff-aaf2-815b90e575c5,0540f760-856d-455b-b8cc-ea7959723c19,4.1,88eab83f-6a40-4470-a1bc-2d8d460bb105
e4ad0a50-b67d-4aff-aaf2-815b90e575c5,5c7fc23a-188d-4a53-9325-21ccef62d808,2.3,88eab83f-6a40-4470-a1bc-2d8d460bb105
e4ad0a50-b67d-4aff-aaf2-815b90e575c5,52b53d42-3782-4a61-972f-046752d553cf,1.3,88eab83f-6a40-4470-a1bc-2d8d460bb105
e4ad0a50-b67d-4aff-aaf2-815b90e575c5,5ef015e6-ac66-49a6-bc8a-d91c5ea037e3,2.8,88eab83f-6a40-4470-a1bc-2d8d460bb105
e4ad0a50-b67d-4aff-aaf2-815b90e575c5,c0ac9074-6434-422f-87b6-6cb85e853cb4,4.6,88eab83f-6a40-4470-a1bc-2d8d460bb105
6e271d62-0049-4bd7-aa45-e76d1d3bcac8,5ef015e6-ac66-49a6-bc8a-d91c5ea037e3,4.9,88eab83f-6a40-4470-a1bc-2d8d460bb105
6e271d62-0049-4bd7-aa45-e76d1d3bcac8,5c7fc23a-188d-4a53-9325-21ccef62d808,2.2,88eab83f-6a40-4470-a1bc-2d8d460bb105
6e271d62-0049-4bd7-aa45-e76d1d3bcac8,60c5638c-28fa-4b5e-976a-11c6de1ab517,3.1,88eab83f-6a40-4470-a1bc-2d8d460bb105
6e271d62-0049-4bd7-aa45-e76d1d3bcac8,c0ac9074-6434-422f-87b6-6cb85e853cb4,1.4,88eab83f-6a40-4470-a1bc-2d8d460bb105
6e271d62-0049-4bd7-aa45-e76d1d3bcac8,ec91d02e-e3f6-485e-b833-736251b98460,2.3,88eab83f-6a40-4470-a1bc-2d8d460bb105
aa6f5b77-fe8b-4823-92ec-a7970aefc03c,f1fe8e4c-494e-42c1-9db0-7ad42a28bfee,2.0,88eab83f-6a40-4470-a1bc-2d8d460bb105
aa6f5b77-fe8b-4823-92ec-a7970aefc03c,c0ac9074-6434-422f-87b6-6cb85e853cb4,1.0,88eab83f-6a40-4470-a1bc-2d8d460bb105
aa6f5b77-fe8b-4823-92ec-a7970aefc03c,ab70cc29-3c38-4990-aacb-da019ba11dd1,3.6,88eab83f-6a40-4470-a1bc-2d8d460bb105
aa6f5b77-fe8b-4823-92ec-a7970aefc03c,f383e75c-cee2-4445-88de-922311c86037,2.3,88eab83f-6a40-4470-a1bc-2d8d460bb105
aa6f5b77-fe8b-4823-92ec-a7970aefc03c,71f878bb-a083-41d8-b81c-8b3b2abf6e9d,4.0,88eab83f-6a40-4470-a1bc-2d8d460bb105
e0d1c537-6096-46cc-9ad7-c4219d768378,afb15d83-77bb-42bc-99dd-bc35ee2fd896,3.1,88eab83f-6a40-4470-a1bc-2d8d460bb105
e0d1c537-6096-46cc-9ad7-c4219d768378,5c7fc23a-188d-4a53-9325-21ccef62d808,2.0,88eab83f-6a40-4470-a1bc-2d8d460bb105
e0d1c537-6096-46cc-9ad7-c4219d768378,52b53d42-3782-4a61-972f-046752d553cf,3.5,88eab83f-6a40-4470-a1bc-2d8d460bb105
5fc07310-b4ca-42b3-a810-df66d510d03d,71f878bb-a083-41d8-b81c-8b3b2abf6e9d,2.9,88eab83f-6a40-4470-a1bc-2d8d460bb105
5fc07310-b4ca-42b3-a810-df66d510d03d,f2bea0e2-73c0-4d58-89e4-2d61f59424f5,3.2,88eab83f-6a40-4470-a1bc-2d8d460bb105
5fc07310-b4ca-42b3-a810-df66d510d03d,1bb34aa2-e426-46e9-a518-d44fb6b419e5,4.7,88eab83f-6a40-4470-a1bc-2d8d460bb105
5fc07310-b4ca-42b3-a810-df66d510d03d,7698a6b3-c0a2-48aa-af8c-be363a26023e,1.1,88eab83f-6a40-4470-a1bc-2d8d460bb105
e2cc8403-16cb-4fbc-8d3f-dbc06d1986d4,5ef015e6-ac66-49a6-bc8a-d91c5ea037e3,1.4,88eab83f-6a40-4470-a1bc-2d8d460bb105
e2cc8403-16cb-4fbc-8d3f-dbc06d1986d4,5c7fc23a-188d-4a53-9325-21ccef62d808,2.7,88eab83f-6a40-4470-a1bc-2d8d460bb105
e2cc8403-16cb-4fbc-8d3f-dbc06d1986d4,c0ac9074-6434-422f-87b6-6cb85e853cb4,4.7,88eab83f-6a40-4470-a1bc-2d8d460bb105
e2cc8403-16cb-4fbc-8d3f-dbc06d1986d4,1bb34aa2-e426-46e9-a518-d44fb6b419e5,3.5,88eab83f-6a40-4470-a1bc-2d8d460bb105
2a5ee383-abb4-4dd2-8efa-7f5df439f8a1,2aa17ede-a10e-407f-8feb-41d0cc54dc7a,4.9,88eab83f-6a40-4470-a1bc-2d8d460bb105
2a5ee383-abb4-4dd2-8efa-7f5df439f8a1,52b53d42-3782-4a61-972f-046752d553cf,1.9,88eab83f-6a40-4470-a1bc-2d8d460bb105
2a5ee383-abb4-4dd2-8efa-7f5df439f8a1,5c7fc23a-188d-4a53-9325-21ccef62d808,4.7,88eab83f-6a40-4470-a1bc-2d8d460bb105
2a5ee383-abb4-4dd2-8efa-7f5df439f8a1,c0ac9074-6434-422f-87b6-6cb85e853cb4,2.1,88eab83f-6a40-4470-a1bc-2d8d460bb105
565f29db-8f4b-4345-a330-2bcf9df6139f,5d6b881a-bcff-4e92-84bc-935578fdb8d9,1.1,88eab83f-6a40-4470-a1bc-2d8d460bb105
565f29db-8f4b-4345-a330-2bcf9df6139f,83d8df76-37b0-43f9-9f3b-dde96f2ab8c8,2.0,88eab83f-6a40-4470-a1bc-2d8d460bb105
565f29db-8f4b-4345-a330-2bcf9df6139f,8cf37f89-0b9b-409f-9c1c-e0db03666966,2.2,88eab83f-6a40-4470-a1bc-2d8d460bb105
565f29db-8f4b-4345-a330-2bcf9df6139f,709364bc-514e-4559-a8ec-ea71468dc891,5.0,88eab83f-6a40-4470-a1bc-2d8d460bb105
565f29db-8f4b-4345-a330-2bcf9df6139f,f383e75c-cee2-4445-88de-922311c86037,3.2,88eab83f-6a40-4470-a1bc-2d8d460bb105
e89f6463-93c7-487d-8e2f-8bfba4b60b6c,f2bea0e2-73c0-4d58-89e4-2d61f59424f5,4.2,88eab83f-6a40-4470-a1bc-2d8d460bb105
e89f6463-93c7-487d-8e2f-8bfba4b60b6c,1bb34aa2-e426-46e9-a518-d44fb6b419e5,3.5,88eab83f-6a40-4470-a1bc-2d8d460bb105
e89f6463-93c7-487d-8e2f-8bfba4b60b6c,ab70cc29-3c38-4990-aacb-da019ba11dd1,3.1,88eab83f-6a40-4470-a1bc-2d8d460bb105
e89f6463-93c7-487d-8e2f-8bfba4b60b6c,7698a6b3-c0a2-48aa-af8c-be363a26023e,4.3,88eab83f-6a40-4470-a1bc-2d8d460bb105
b5993aad-685b-44e3-81da-6b78579de076,71f878bb-a083-41d8-b81c-8b3b2abf6e9d,4.9,88eab83f-6a40-4470-a1bc-2d8d460bb105
b5993aad-685b-44e3-81da-6b78579de076,f2bea0e2-73c0-4d58-89e4-2d61f59424f5,4.9,88eab83f-6a40-4470-a1bc-2d8d460bb105
b5993aad-685b-44e3-81da-6b78579de076,5c7fc23a-188d-4a53-9325-21ccef62d808,1.8,88eab83f-6a40-4470-a1bc-2d8d460bb105
b5993aad-685b-44e3-81da-6b78579de076,5ef015e6-ac66-49a6-bc8a-d91c5ea037e3,2.7,88eab83f-6a40-4470-a1bc-2d8d460bb105
b5993aad-685b-44e3-81da-6b78579de076,7698a6b3-c0a2-48aa-af8c-be363a26023e,4.9,88eab83f-6a40-4470-a1bc-2d8d460bb105
f4beb065-aa68-4031-a429-d7c03ce6fdb7,52b53d42-3782-4a61-972f-046752d553cf,3.5,88eab83f-6a40-4470-a1bc-2d8d460bb105
f4beb065-aa68-4031-a429-d7c03ce6fdb7,5ef015e6-ac66-49a6-bc8a-d91c5ea037e3,4.5,88eab83f-6a40-4470-a1bc-2d8d460bb105
f4beb065-aa68-4031-a429-d7c03ce6fdb7,5c7fc23a-188d-4a53-9325-21ccef62d808,1.8,88eab83f-6a40-4470-a1bc-2d8d460bb105
f4beb065-aa68-4031-a429-d7c03ce6fdb7,c0ac9074-6434-422f-87b6-6cb85e853cb4,1.4,88eab83f-6a40-4470-a1bc-2d8d460bb105
9d3979cd-6e10-43a8-835e-006003a1cb4b,0540f760-856d-455b-b8cc-ea7959723c19,3.7,88eab83f-6a40-4470-a1bc-2d8d460bb105
9d3979cd-6e10-43a8-835e-006003a1cb4b,5c7fc23a-188d-4a53-9325-21ccef62d808,4.1,88eab83f-6a40-4470-a1bc-2d8d460bb105
9d3979cd-6e10-43a8-835e-006003a1cb4b,c0ac9074-6434-422f-87b6-6cb85e853cb4,3.7,88eab83f-6a40-4470-a1bc-2d8d460bb105
9d3979cd-6e10-43a8-835e-006003a1cb4b,f383e75c-cee2-4445-88de-922311c86037,3.3,88eab83f-6a40-4470-a1bc-2d8d460bb105
fada94dc-e0fe-4ce7-8daa-0f80fb7d5f39,8cf37f89-0b9b-409f-9c1c-e0db03666966,2.1,88eab83f-6a40-4470-a1bc-2d8d460bb105
fada94dc-e0fe-4ce7-8daa-0f80fb7d5f39,5d6b881a-bcff-4e92-84bc-935578fdb8d9,4.6,88eab83f-6a40-4470-a1bc-2d8d460bb105
fada94dc-e0fe-4ce7-8daa-0f80fb7d5f39,f2bea0e2-73c0-4d58-89e4-2d61f59424f5,3.5,88eab83f-6a40-4470-a1bc-2d8d460bb105
fada94dc-e0fe-4ce7-8daa-0f80fb7d5f39,1bb34aa2-e426-46e9-a518-d44fb6b419e5,4.8,88eab83f-6a40-4470-a1bc-2d8d460bb105
fada94dc-e0fe-4ce7-8daa-0f80fb7d5f39,7698a6b3-c0a2-48aa-af8c-be363a26023e,4.7,88eab83f-6a40-4470-a1bc-2d8d460bb105
f0372169-f982-4448-907f-741894d5b5bf,ec91d02e-e3f6-485e-b833-736251b98460,2.4,88eab83f-6a40-4470-a1bc-2d8d460bb105
f0372169-f982-4448-907f-741894d5b5bf,f1fe8e4c-494e-42c1-9db0-7ad42a28bfee,4.2,88eab83f-6a40-4470-a1bc-2d8d460bb105
f0372169-f982-4448-907f-741894d5b5bf,afb15d83-77bb-42bc-99dd-bc35ee2fd896,4.1,88eab83f-6a40-4470-a1bc-2d8d460bb105
ba359adf-9a74-4ecd-a072-6d8a10c0fbe8,0540f760-856d-455b-b8cc-ea7959723c19,4.3,88eab83f-6a40-4470-a1bc-2d8d460bb105
ba359adf-9a74-4ecd-a072-6d8a10c0fbe8,5c7fc23a-188d-4a53-9325-21ccef62d808,1.8,88eab83f-6a40-4470-a1bc-2d8d460bb105
ba359adf-9a74-4ecd-a072-6d8a10c0fbe8,c0ac9074-6434-422f-87b6-6cb85e853cb4,4.7,88eab83f-6a40-4470-a1bc-2d8d460bb105
ba359adf-9a74-4ecd-a072-6d8a10c0fbe8,f2bea0e2-73c0-4d58-89e4-2d61f59424f5,4.0,88eab83f-6a40-4470-a1bc-2d8d460bb105
7c101f53-790a-4537-b66b-8ac9097c70cc,5ef015e6-ac66-49a6-bc8a-d91c5ea037e3,3.7,88eab83f-6a40-4470-a1bc-2d8d460bb105
7c101f53-790a-4537-b66b-8ac9097c70cc,5c7fc23a-188d-4a53-9325-21ccef62d808,1.2,88eab83f-6a40-4470-a1bc-2d8d460bb105
7c101f53-790a-4537-b66b-8ac9097c70cc,c0ac9074-6434-422f-87b6-6cb85e853cb4,3.7,88eab83f-6a40-4470-a1bc-2d8d460bb105
7c101f53-790a-4537-b66b-8ac9097c70cc,60c5638c-28fa-4b5e-976a-11c6de1ab517,1.2,88eab83f-6a40-4470-a1bc-2d8d460bb105
813383a0-7fc6-4a65-80a3-2378be9dd5b9,52b53d42-3782-4a61-972f-046752d553cf,2.8,88eab83f-6a40-4470-a1bc-2d8d460bb105
813383a0-7fc6-4a65-80a3-2378be9dd5b9,0540f760-856d-455b-b8cc-ea7959723c19,2.6,88eab83f-6a40-4470-a1bc-2d8d460bb105
813383a0-7fc6-4a65-80a3-2378be9dd5b9,ec91d02e-e3f6-485e-b833-736251b98460,2.4,88eab83f-6a40-4470-a1bc-2d8d460bb105
813383a0-7fc6-4a65-80a3-2378be9dd5b9,5c7fc23a-188d-4a53-9325-21ccef62d808,4.0,88eab83f-6a40-4470-a1bc-2d8d460bb105
bc5332e6-8b9e-4e10-b61c-270bee4d2f33,71f878bb-a083-41d8-b81c-8b3b2abf6e9d,3.2,88eab83f-6a40-4470-a1bc-2d8d460bb105
bc5332e6-8b9e-4e10-b61c-270bee4d2f33,83d8df76-37b0-43f9-9f3b-dde96f2ab8c8,4.0,88eab83f-6a40-4470-a1bc-2d8d460bb105
bc5332e6-8b9e-4e10-b61c-270bee4d2f33,7698a6b3-c0a2-48aa-af8c-be363a26023e,2.9,88eab83f-6a40-4470-a1bc-2d8d460bb105
bc5332e6-8b9e-4e10-b61c-270bee4d2f33,f383e75c-cee2-4445-88de-922311c86037,1.5,88eab83f-6a40-4470-a1bc-2d8d460bb105
361b4d13-8598-475d-ab9a-b5b25d01df0c,f2bea0e2-73c0-4d58-89e4-2d61f59424f5,4.3,88eab83f-6a40-4470-a1bc-2d8d460bb105
361b4d13-8598-475d-ab9a-b5b25d01df0c,5c7fc23a-188d-4a53-9325-21ccef62d808,4.5,88eab83f-6a40-4470-a1bc-2d8d460bb105
361b4d13-8598-475d-ab9a-b5b25d01df0c,52b53d42-3782-4a61-972f-046752d553cf,2.8,88eab83f-6a40-4470-a1bc-2d8d460bb105
361b4d13-8598-475d-ab9a-b5b25d01df0c,c0ac9074-6434-422f-87b6-6cb85e853cb4,1.2,88eab83f-6a40-4470-a1bc-2d8d460bb105
4928b3b5-5b2c-43be-adfa-093b2841bce5,5d6b881a-bcff-4e92-84bc-935578fdb8d9,4.9,88eab83f-6a40-4470-a1bc-2d8d460bb105
4928b3b5-5b2c-43be-adfa-093b2841bce5,709364bc-514e-4559-a8ec-ea71468dc891,4.6,88eab83f-6a40-4470-a1bc-2d8d460bb105
4928b3b5-5b2c-43be-adfa-093b2841bce5,f383e75c-cee2-4445-88de-922311c86037,4.1,88eab83f-6a40-4470-a1bc-2d8d460bb105
4928b3b5-5b2c-43be-adfa-093b2841bce5,8cf37f89-0b9b-409f-9c1c-e0db03666966,1.7,88eab83f-6a40-4470-a1bc-2d8d460bb105
88f93761-84ce-4b03-bed5-daf0158a872e,4220b200-ef4c-485a-8c07-12d57bdf1688,2.0,88eab83f-6a40-4470-a1bc-2d8d460bb105
88f93761-84ce-4b03-bed5-daf0158a872e,8d86aff1-8f8d-4c9b-8cb4-306b942e283b,1.6,88eab83f-6a40-4470-a1bc-2d8d460bb105
88f93761-84ce-4b03-bed5-daf0158a872e,e2e91854-f8ca-427f-9b32-e18fd2a48498,1.1,88eab83f-6a40-4470-a1bc-2d8d460bb105
88f93761-84ce-4b03-bed5-daf0158a872e,87dccb5b-5262-4b27-b292-0f3bc0ea915a,1.6,88eab83f-6a40-4470-a1bc-2d8d460bb105
88f93761-84ce-4b03-bed5-daf0158a872e,79d351be-2b19-4c35-8a93-0a426832bc23,2.0,88eab83f-6a40-4470-a1bc-2d8d460bb105
2c3e65c7-ab41-4549-9c6c-fcd2ad2ee5b4,5af9acd5-5f52-46f2-b717-01f76a0be253,5.0,88eab83f-6a40-4470-a1bc-2d8d460bb105
2c3e65c7-ab41-4549-9c6c-fcd2ad2ee5b4,0d105985-1449-480f-8a59-a28b1a842f3c,3.9,88eab83f-6a40-4470-a1bc-2d8d460bb105
2c3e65c7-ab41-4549-9c6c-fcd2ad2ee5b4,1b3391c1-2f8b-49f8-a0d1-f876f1ed15f5,2.9,88eab83f-6a40-4470-a1bc-2d8d460bb105
2c3e65c7-ab41-4549-9c6c-fcd2ad2ee5b4,79d351be-2b19-4c35-8a93-0a426832bc23,1.3,88eab83f-6a40-4470-a1bc-2d8d460bb105
e7708296-e74a-4bf1-9383-c33547cf2283,4fa170f1-a8b7-4cd3-9e5c-dc513c1fc25f,3.9,88eab83f-6a40-4470-a1bc-2d8d460bb105
e7708296-e74a-4bf1-9383-c33547cf2283,cb232181-c09f-4dc0-90fe-246ec3a8dad3,2.4,88eab83f-6a40-4470-a1bc-2d8d460bb105
e7708296-e74a-4bf1-9383-c33547cf2283,4c102109-1ee9-43c5-9e88-bacf0e668d0d,3.8,88eab83f-6a40-4470-a1bc-2d8d460bb105
d2434745-68e1-436f-b086-fe4057d85d98,7b9a0da2-f5f9-45d1-9fc4-8e26ed064936,2.5,88eab83f-6a40-4470-a1bc-2d8d460bb105
d2434745-68e1-436f-b086-fe4057d85d98,87dccb5b-5262-4b27-b292-0f3bc0ea915a,1.7,88eab83f-6a40-4470-a1bc-2d8d460bb105
d2434745-68e1-436f-b086-fe4057d85d98,79d351be-2b19-4c35-8a93-0a426832bc23,3.7,88eab83f-6a40-4470-a1bc-2d8d460bb105
fceaa7a3-2ede-4e36-b5d0-07cbd2098f5a,d9f3d1c2-309c-417f-9e0f-1d39d62ea314,4.5,88eab83f-6a40-4470-a1bc-2d8d460bb105
fceaa7a3-2ede-4e36-b5d0-07cbd2098f5a,79d351be-2b19-4c35-8a93-0a426832bc23,4.8,88eab83f-6a40-4470-a1bc-2d8d460bb105
fceaa7a3-2ede-4e36-b5d0-07cbd2098f5a,87dccb5b-5262-4b27-b292-0f3bc0ea915a,2.6,88eab83f-6a40-4470-a1bc-2d8d460bb105
fceaa7a3-2ede-4e36-b5d0-07cbd2098f5a,008340ad-18b2-4ed8-9eab-da78f798910d,4.1,88eab83f-6a40-4470-a1bc-2d8d460bb105
ca73d2bb-0870-423d-8228-2247c1a83802,c88c52ba-2534-40e4-8d49-3b0860df4649,3.0,88eab83f-6a40-4470-a1bc-2d8d460bb105
ca73d2bb-0870-423d-8228-2247c1a83802,5af9acd5-5f52-46f2-b717-01f76a0be253,1.9,88eab83f-6a40-4470-a1bc-2d8d460bb105
ca73d2bb-0870-423d-8228-2247c1a83802,1b3391c1-2f8b-49f8-a0d1-f876f1ed15f5,2.2,88eab83f-6a40-4470-a1bc-2d8d460bb105
76ef05e5-46e1-434f-b5b0-3de39d5bb249,678754a1-100d-4cef-ace6-2d66f80fe67e,3.8,88eab83f-6a40-4470-a1bc-2d8d460bb105
76ef05e5-46e1-434f-b5b0-3de39d5bb249,e2e91854-f8ca-427f-9b32-e18fd2a48498,2.2,88eab83f-6a40-4470-a1bc-2d8d460bb105
76ef05e5-46e1-434f-b5b0-3de39d5bb249,9bd72cef-87e4-4108-a047-e3df0529eee9,4.3,88eab83f-6a40-4470-a1bc-2d8d460bb105
76ef05e5-46e1-434f-b5b0-3de39d5bb249,1b3391c1-2f8b-49f8-a0d1-f876f1ed15f5,4.8,88eab83f-6a40-4470-a1bc-2d8d460bb105
d9cd13c6-77bd-4930-9a08-ba933ee627de,ca0aa585-83cd-496f-b04b-5578e131f293,3.9,88eab83f-6a40-4470-a1bc-2d8d460bb105
d9cd13c6-77bd-4930-9a08-ba933ee627de,e2e91854-f8ca-427f-9b32-e18fd2a48498,3.3,88eab83f-6a40-4470-a1bc-2d8d460bb105
d9cd13c6-77bd-4930-9a08-ba933ee627de,79d351be-2b19-4c35-8a93-0a426832bc23,3.6,88eab83f-6a40-4470-a1bc-2d8d460bb105
c4536aa2-9ddc-4e91-b2a9-b6f08dfa94c1,b224635c-e836-45a3-8d9a-150bcc18b1b7,3.2,88eab83f-6a40-4470-a1bc-2d8d460bb105
c4536aa2-9ddc-4e91-b2a9-b6f08dfa94c1,626c897a-34f6-412e-8f78-9474d056768a,1.8,88eab83f-6a40-4470-a1bc-2d8d460bb105
bfb1a350-e49f-4b55-981b-08fab2fd9d07,0d105985-1449-480f-8a59-a28b1a842f3c,2.5,88eab83f-6a40-4470-a1bc-2d8d460bb105
bfb1a350-e49f-4b55-981b-08fab2fd9d07,9bd72cef-87e4-4108-a047-e3df0529eee9,1.6,88eab83f-6a40-4470-a1bc-2d8d460bb105
bfb1a350-e49f-4b55-981b-08fab2fd9d07,79d351be-2b19-4c35-8a93-0a426832bc23,1.5,88eab83f-6a40-4470-a1bc-2d8d460bb105
4d202907-97b4-4c71-a081-6ffeca051e0c,0f6e6b4f-61e7-400f-b8d4-693e399d2b1e,1.0,88eab83f-6a40-4470-a1bc-2d8d460bb105
4d202907-97b4-4c71-a081-6ffeca051e0c,008340ad-18b2-4ed8-9eab-da78f798910d,1.5,88eab83f-6a40-4470-a1bc-2d8d460bb105
32d2ffd7-dbfd-4452-8f64-9ca02a33d51c,9bd72cef-87e4-4108-a047-e3df0529eee9,1.9,88eab83f-6a40-4470-a1bc-2d8d460bb105
32d2ffd7-dbfd-4452-8f64-9ca02a33d51c,b224635c-e836-45a3-8d9a-150bcc18b1b7,2.6,88eab83f-6a40-4470-a1bc-2d8d460bb105
5788f738-cebe-42d3-9c40-035b3389834d,b224635c-e836-45a3-8d9a-150bcc18b1b7,1.8,88eab83f-6a40-4470-a1bc-2d8d460bb105
83af4e7f-f9c5-4f84-8772-8db65c848671,678754a1-100d-4cef-ace6-2d66f80fe67e,3.9,88eab83f-6a40-4470-a1bc-2d8d460bb105
35e54486-8e65-46f5-9e7d-c48ad7c97193,626c897a-34f6-412e-8f78-9474d056768a,3.9,88eab83f-6a40-4470-a1bc-2d8d460bb105
35e54486-8e65-46f5-9e7d-c48ad7c97193,f2ccb5c7-cc9a-4776-ba35-df2c9bf7da19,4.8,88eab83f-6a40-4470-a1bc-2d8d460bb105
ab46b1f5-a822-45b0-bdb2-11ccdcf98abf,8d86aff1-8f8d-4c9b-8cb4-306b942e283b,2.7,88eab83f-6a40-4470-a1bc-2d8d460bb105
ab46b1f5-a822-45b0-bdb2-11ccdcf98abf,87dccb5b-5262-4b27-b292-0f3bc0ea915a,4.0,88eab83f-6a40-4470-a1bc-2d8d460bb105
ab46b1f5-a822-45b0-bdb2-11ccdcf98abf,e2e91854-f8ca-427f-9b32-e18fd2a48498,2.3,88eab83f-6a40-4470-a1bc-2d8d460bb105
fa638a11-b94b-4c11-a032-63c2314ab0c1,9bd72cef-87e4-4108-a047-e3df0529eee9,4.2,88eab83f-6a40-4470-a1bc-2d8d460bb105
fa638a11-b94b-4c11-a032-63c2314ab0c1,1b3391c1-2f8b-49f8-a0d1-f876f1ed15f5,2.0,88eab83f-6a40-4470-a1bc-2d8d460bb105
9a9ebfe5-84c1-4ff6-baf4-735c54ca9614,e2e91854-f8ca-427f-9b32-e18fd2a48498,1.4,88eab83f-6a40-4470-a1bc-2d8d460bb105
9a9ebfe5-84c1-4ff6-baf4-735c54ca9614,9bd72cef-87e4-4108-a047-e3df0529eee9,2.2,88eab83f-6a40-4470-a1bc-2d8d460bb105
444e42c2-f419-47ba-aa3b-debea39b5305,5af9acd5-5f52-46f2-b717-01f76a0be253,1.7,88eab83f-6a40-4470-a1bc-2d8d460bb105
444e42c2-f419-47ba-aa3b-debea39b5305,1b3391c1-2f8b-49f8-a0d1-f876f1ed15f5,1.1,88eab83f-6a40-4470-a1bc-2d8d460bb105
ad3003b5-3e11-4579-aa3a-9f8c881c0073,626c897a-34f6-412e-8f78-9474d056768a,4.1,88eab83f-6a40-4470-a1bc-2d8d460bb105
ad3003b5-3e11-4579-aa3a-9f8c881c0073,4fa170f1-a8b7-4cd3-9e5c-dc513c1fc25f,1.2,88eab83f-6a40-4470-a1bc-2d8d460bb105
ad3003b5-3e11-4579-aa3a-9f8c881c0073,9bd72cef-87e4-4108-a047-e3df0529eee9,4.2,88eab83f-6a40-4470-a1bc-2d8d460bb105
ad3003b5-3e11-4579-aa3a-9f8c881c0073,1b3391c1-2f8b-49f8-a0d1-f876f1ed15f5,3.4,88eab83f-6a40-4470-a1bc-2d8d460bb105
89e19559-78d9-497c-a128-dc257dfe3353,17015c7b-e74d-4774-afe9-0dd5cb837bed,3.1,88eab83f-6a40-4470-a1bc-2d8d460bb105
8ed331c1-c540-4a45-a5db-f450ee745cc9,6162fa94-f602-4376-9659-f87433bca77e,3.6,88eab83f-6a40-4470-a1bc-2d8d460bb105
8ed331c1-c540-4a45-a5db-f450ee745cc9,9bd72cef-87e4-4108-a047-e3df0529eee9,4.8,88eab83f-6a40-4470-a1bc-2d8d460bb105
3d35e662-e957-4eaa-b80f-420524f5f072,5c92d401-9ee4-4940-9b73-86fa01228d4a,4.7,88eab83f-6a40-4470-a1bc-2d8d460bb105
3d35e662-e957-4eaa-b80f-420524f5f072,4c102109-1ee9-43c5-9e88-bacf0e668d0d,1.4,88eab83f-6a40-4470-a1bc-2d8d460bb105
42827e1d-da01-477b-8537-53074e16ca40,cb232181-c09f-4dc0-90fe-246ec3a8dad3,3.8,88eab83f-6a40-4470-a1bc-2d8d460bb105
42827e1d-da01-477b-8537-53074e16ca40,4c102109-1ee9-43c5-9e88-bacf0e668d0d,1.3,88eab83f-6a40-4470-a1bc-2d8d460bb105
6baad9a1-0ef6-40d1-b0f1-1028340cd0c2,008340ad-18b2-4ed8-9eab-da78f798910d,5.0,88eab83f-6a40-4470-a1bc-2d8d460bb105
e37edf57-08ba-42fc-bc81-1e21fec201ab,a1fc11e8-6c74-4e1a-95a6-654f4c96bcf8,4.4,88eab83f-6a40-4470-a1bc-2d8d460bb105
e37edf57-08ba-42fc-bc81-1e21fec201ab,8da402f8-94e1-4387-9468-c6b7cfcbf460,3.3,88eab83f-6a40-4470-a1bc-2d8d460bb105
e37edf57-08ba-42fc-bc81-1e21fec201ab,5d6b881a-bcff-4e92-84bc-935578fdb8d9,3.6,88eab83f-6a40-4470-a1bc-2d8d460bb105
e37edf57-08ba-42fc-bc81-1e21fec201ab,8cf37f89-0b9b-409f-9c1c-e0db03666966,3.4,88eab83f-6a40-4470-a1bc-2d8d460bb105
6cb1750d-abbe-4654-8456-19d55361684e,414c6e0a-6b4b-4a47-9424-2589544c0985,4.3,88eab83f-6a40-4470-a1bc-2d8d460bb105
6cb1750d-abbe-4654-8456-19d55361684e,4c102109-1ee9-43c5-9e88-bacf0e668d0d,4.3,88eab83f-6a40-4470-a1bc-2d8d460bb105
6cb1750d-abbe-4654-8456-19d55361684e,ab70cc29-3c38-4990-aacb-da019ba11dd1,3.2,88eab83f-6a40-4470-a1bc-2d8d460bb105
06b2ba00-66a2-4c95-a3a0-c0f820e2e531,c261d725-4f92-4bb5-a150-0da24d7a520b,1.6,88eab83f-6a40-4470-a1bc-2d8d460bb105
06b2ba00-66a2-4c95-a3a0-c0f820e2e531,8cf37f89-0b9b-409f-9c1c-e0db03666966,3.5,88eab83f-6a40-4470-a1bc-2d8d460bb105
06b2ba00-66a2-4c95-a3a0-c0f820e2e531,5d6b881a-bcff-4e92-84bc-935578fdb8d9,2.8,88eab83f-6a40-4470-a1bc-2d8d460bb105
e41c83a6-9043-4d5f-8e1d-fc903418929c,58564747-90f7-4053-bf00-599fe78dfa96,4.4,88eab83f-6a40-4470-a1bc-2d8d460bb105
e41c83a6-9043-4d5f-8e1d-fc903418929c,9266dcfa-f2c0-4ea5-a6d4-303297476cc4,1.1,88eab83f-6a40-4470-a1bc-2d8d460bb105
e41c83a6-9043-4d5f-8e1d-fc903418929c,e0936c15-f17a-41f2-aacb-b91c81107046,1.8,88eab83f-6a40-4470-a1bc-2d8d460bb105
e41c83a6-9043-4d5f-8e1d-fc903418929c,1bb34aa2-e426-46e9-a518-d44fb6b419e5,2.7,88eab83f-6a40-4470-a1bc-2d8d460bb105
20bf2fa7-82b1-4df0-85fa-37c0f81be40a,31d3c9c1-2bca-4db6-8e6e-68a2e079938d,3.4,88eab83f-6a40-4470-a1bc-2d8d460bb105
20bf2fa7-82b1-4df0-85fa-37c0f81be40a,ab70cc29-3c38-4990-aacb-da019ba11dd1,3.7,88eab83f-6a40-4470-a1bc-2d8d460bb105
188781a6-b04b-4ae5-8689-18be9ed39099,7bd2d809-c73e-4b12-ad13-398b5a0235f8,2.2,88eab83f-6a40-4470-a1bc-2d8d460bb105
188781a6-b04b-4ae5-8689-18be9ed39099,21b74ccf-3fa4-4de2-959e-5bed5f5469de,2.2,88eab83f-6a40-4470-a1bc-2d8d460bb105
188781a6-b04b-4ae5-8689-18be9ed39099,4220b200-ef4c-485a-8c07-12d57bdf1688,1.7,88eab83f-6a40-4470-a1bc-2d8d460bb105
188781a6-b04b-4ae5-8689-18be9ed39099,e2e91854-f8ca-427f-9b32-e18fd2a48498,2.7,88eab83f-6a40-4470-a1bc-2d8d460bb105
3c0152ab-a2c4-414f-99da-7006f85a7d9d,397a895b-3fe7-40a7-847c-ff5cebbceb4c,4.6,88eab83f-6a40-4470-a1bc-2d8d460bb105
3c0152ab-a2c4-414f-99da-7006f85a7d9d,6162fa94-f602-4376-9659-f87433bca77e,4.3,88eab83f-6a40-4470-a1bc-2d8d460bb105
3c0152ab-a2c4-414f-99da-7006f85a7d9d,9bd72cef-87e4-4108-a047-e3df0529eee9,4.0,88eab83f-6a40-4470-a1bc-2d8d460bb105
03ed6792-a6e5-4bcc-a251-2502babe234b,c4e88c03-7fef-4d55-b9b9-3a3a79d1ba83,4.1,88eab83f-6a40-4470-a1bc-2d8d460bb105
03ed6792-a6e5-4bcc-a251-2502babe234b,f383e75c-cee2-4445-88de-922311c86037,2.4,88eab83f-6a40-4470-a1bc-2d8d460bb105
03ed6792-a6e5-4bcc-a251-2502babe234b,5d6b881a-bcff-4e92-84bc-935578fdb8d9,2.7,88eab83f-6a40-4470-a1bc-2d8d460bb105
6838126d-0e83-4378-8c28-ae8249ecec6f,69a2dbee-7de7-4514-9f3a-4012fea5d5a3,2.8,88eab83f-6a40-4470-a1bc-2d8d460bb105
6838126d-0e83-4378-8c28-ae8249ecec6f,afb15d83-77bb-42bc-99dd-bc35ee2fd896,2.1,88eab83f-6a40-4470-a1bc-2d8d460bb105
6838126d-0e83-4378-8c28-ae8249ecec6f,ec91d02e-e3f6-485e-b833-736251b98460,2.9,88eab83f-6a40-4470-a1bc-2d8d460bb105
6838126d-0e83-4378-8c28-ae8249ecec6f,e2e91854-f8ca-427f-9b32-e18fd2a48498,1.0,88eab83f-6a40-4470-a1bc-2d8d460bb105
11f1d9b5-d024-49b3-a15c-e1195fc583de,8da402f8-94e1-4387-9468-c6b7cfcbf460,3.2,88eab83f-6a40-4470-a1bc-2d8d460bb105
11f1d9b5-d024-49b3-a15c-e1195fc583de,9749559b-1b4b-483c-897b-96bd1aaa26ec,3.1,88eab83f-6a40-4470-a1bc-2d8d460bb105
11f1d9b5-d024-49b3-a15c-e1195fc583de,6162fa94-f602-4376-9659-f87433bca77e,4.7,88eab83f-6a40-4470-a1bc-2d8d460bb105
11f1d9b5-d024-49b3-a15c-e1195fc583de,17015c7b-e74d-4774-afe9-0dd5cb837bed,3.5,88eab83f-6a40-4470-a1bc-2d8d460bb105
95986ff4-f224-434d-aecf-5b6895fa021d,9266dcfa-f2c0-4ea5-a6d4-303297476cc4,3.6,88eab83f-6a40-4470-a1bc-2d8d460bb105
95986ff4-f224-434d-aecf-5b6895fa021d,71f878bb-a083-41d8-b81c-8b3b2abf6e9d,2.4,88eab83f-6a40-4470-a1bc-2d8d460bb105
95986ff4-f224-434d-aecf-5b6895fa021d,4c102109-1ee9-43c5-9e88-bacf0e668d0d,1.8,88eab83f-6a40-4470-a1bc-2d8d460bb105
95986ff4-f224-434d-aecf-5b6895fa021d,ab70cc29-3c38-4990-aacb-da019ba11dd1,3.1,88eab83f-6a40-4470-a1bc-2d8d460bb105
4f42e69f-fd02-4cfb-8e0b-4671b43c88ce,414c6e0a-6b4b-4a47-9424-2589544c0985,1.6,88eab83f-6a40-4470-a1bc-2d8d460bb105
4f42e69f-fd02-4cfb-8e0b-4671b43c88ce,4220b200-ef4c-485a-8c07-12d57bdf1688,1.2,88eab83f-6a40-4470-a1bc-2d8d460bb105
4f42e69f-fd02-4cfb-8e0b-4671b43c88ce,8d86aff1-8f8d-4c9b-8cb4-306b942e283b,4.3,88eab83f-6a40-4470-a1bc-2d8d460bb105
4f42e69f-fd02-4cfb-8e0b-4671b43c88ce,79d351be-2b19-4c35-8a93-0a426832bc23,4.6,88eab83f-6a40-4470-a1bc-2d8d460bb105
0d7ef19a-5067-4eea-b407-cb487a617a70,21b74ccf-3fa4-4de2-959e-5bed5f5469de,1.5,88eab83f-6a40-4470-a1bc-2d8d460bb105
0d7ef19a-5067-4eea-b407-cb487a617a70,626c897a-34f6-412e-8f78-9474d056768a,1.8,88eab83f-6a40-4470-a1bc-2d8d460bb105
0d7ef19a-5067-4eea-b407-cb487a617a70,9bd72cef-87e4-4108-a047-e3df0529eee9,4.4,88eab83f-6a40-4470-a1bc-2d8d460bb105
0d7ef19a-5067-4eea-b407-cb487a617a70,1b3391c1-2f8b-49f8-a0d1-f876f1ed15f5,3.3,88eab83f-6a40-4470-a1bc-2d8d460bb105
19e09466-aaaa-4637-a9b3-b7d203ec8d29,a1fc11e8-6c74-4e1a-95a6-654f4c96bcf8,3.5,88eab83f-6a40-4470-a1bc-2d8d460bb105
19e09466-aaaa-4637-a9b3-b7d203ec8d29,71f878bb-a083-41d8-b81c-8b3b2abf6e9d,1.3,88eab83f-6a40-4470-a1bc-2d8d460bb105
19e09466-aaaa-4637-a9b3-b7d203ec8d29,1bb34aa2-e426-46e9-a518-d44fb6b419e5,2.7,88eab83f-6a40-4470-a1bc-2d8d460bb105
b164f9c2-ca4a-48e5-baf9-773aa02a8970,c261d725-4f92-4bb5-a150-0da24d7a520b,3.6,88eab83f-6a40-4470-a1bc-2d8d460bb105
b164f9c2-ca4a-48e5-baf9-773aa02a8970,2aa17ede-a10e-407f-8feb-41d0cc54dc7a,2.7,88eab83f-6a40-4470-a1bc-2d8d460bb105
b164f9c2-ca4a-48e5-baf9-773aa02a8970,8cf37f89-0b9b-409f-9c1c-e0db03666966,1.9,88eab83f-6a40-4470-a1bc-2d8d460bb105
b164f9c2-ca4a-48e5-baf9-773aa02a8970,5d6b881a-bcff-4e92-84bc-935578fdb8d9,3.8,88eab83f-6a40-4470-a1bc-2d8d460bb105
4a032fa3-69ad-44f3-b0aa-808fb39770af,58564747-90f7-4053-bf00-599fe78dfa96,1.6,88eab83f-6a40-4470-a1bc-2d8d460bb105
4a032fa3-69ad-44f3-b0aa-808fb39770af,60c5638c-28fa-4b5e-976a-11c6de1ab517,1.2,88eab83f-6a40-4470-a1bc-2d8d460bb105
4a032fa3-69ad-44f3-b0aa-808fb39770af,4c102109-1ee9-43c5-9e88-bacf0e668d0d,2.3,88eab83f-6a40-4470-a1bc-2d8d460bb105
ec1d2534-2dfd-4ddc-ab7d-1673b2bea6cd,31d3c9c1-2bca-4db6-8e6e-68a2e079938d,2.4,88eab83f-6a40-4470-a1bc-2d8d460bb105
ec1d2534-2dfd-4ddc-ab7d-1673b2bea6cd,5c92d401-9ee4-4940-9b73-86fa01228d4a,2.4,88eab83f-6a40-4470-a1bc-2d8d460bb105
ec1d2534-2dfd-4ddc-ab7d-1673b2bea6cd,e0936c15-f17a-41f2-aacb-b91c81107046,2.5,88eab83f-6a40-4470-a1bc-2d8d460bb105
41f8724e-3734-4ca1-8369-4680dcc3150f,7bd2d809-c73e-4b12-ad13-398b5a0235f8,4.1,88eab83f-6a40-4470-a1bc-2d8d460bb105
41f8724e-3734-4ca1-8369-4680dcc3150f,5c92d401-9ee4-4940-9b73-86fa01228d4a,3.3,88eab83f-6a40-4470-a1bc-2d8d460bb105
41f8724e-3734-4ca1-8369-4680dcc3150f,e2e91854-f8ca-427f-9b32-e18fd2a48498,4.7,88eab83f-6a40-4470-a1bc-2d8d460bb105
c6a9d671-867c-4aa8-8b96-14bce876b3b5,397a895b-3fe7-40a7-847c-ff5cebbceb4c,1.4,88eab83f-6a40-4470-a1bc-2d8d460bb105
c6a9d671-867c-4aa8-8b96-14bce876b3b5,678754a1-100d-4cef-ace6-2d66f80fe67e,1.8,88eab83f-6a40-4470-a1bc-2d8d460bb105
c6a9d671-867c-4aa8-8b96-14bce876b3b5,626c897a-34f6-412e-8f78-9474d056768a,4.3,88eab83f-6a40-4470-a1bc-2d8d460bb105
c6a9d671-867c-4aa8-8b96-14bce876b3b5,9bd72cef-87e4-4108-a047-e3df0529eee9,4.9,88eab83f-6a40-4470-a1bc-2d8d460bb105
f9e24e28-02ab-4cf3-8fe0-647b2336c8ab,c4e88c03-7fef-4d55-b9b9-3a3a79d1ba83,2.9,88eab83f-6a40-4470-a1bc-2d8d460bb105
f9e24e28-02ab-4cf3-8fe0-647b2336c8ab,6162fa94-f602-4376-9659-f87433bca77e,2.1,88eab83f-6a40-4470-a1bc-2d8d460bb105
f9e24e28-02ab-4cf3-8fe0-647b2336c8ab,5c92d401-9ee4-4940-9b73-86fa01228d4a,1.4,88eab83f-6a40-4470-a1bc-2d8d460bb105
1988cfb0-6486-421d-bad6-0526f3124d44,69a2dbee-7de7-4514-9f3a-4012fea5d5a3,2.4,88eab83f-6a40-4470-a1bc-2d8d460bb105
1988cfb0-6486-421d-bad6-0526f3124d44,ec91d02e-e3f6-485e-b833-736251b98460,1.2,88eab83f-6a40-4470-a1bc-2d8d460bb105
1988cfb0-6486-421d-bad6-0526f3124d44,9bd72cef-87e4-4108-a047-e3df0529eee9,4.8,88eab83f-6a40-4470-a1bc-2d8d460bb105
1424c412-731c-4ddb-b69f-8ae4348b46fc,8da402f8-94e1-4387-9468-c6b7cfcbf460,1.3,88eab83f-6a40-4470-a1bc-2d8d460bb105
1424c412-731c-4ddb-b69f-8ae4348b46fc,5d6b881a-bcff-4e92-84bc-935578fdb8d9,4.5,88eab83f-6a40-4470-a1bc-2d8d460bb105
1424c412-731c-4ddb-b69f-8ae4348b46fc,709364bc-514e-4559-a8ec-ea71468dc891,2.4,88eab83f-6a40-4470-a1bc-2d8d460bb105
1424c412-731c-4ddb-b69f-8ae4348b46fc,8cf37f89-0b9b-409f-9c1c-e0db03666966,2.5,88eab83f-6a40-4470-a1bc-2d8d460bb105
70ba18d3-0818-4192-b019-561c8ac60542,414c6e0a-6b4b-4a47-9424-2589544c0985,2.1,88eab83f-6a40-4470-a1bc-2d8d460bb105
70ba18d3-0818-4192-b019-561c8ac60542,4c102109-1ee9-43c5-9e88-bacf0e668d0d,4.7,88eab83f-6a40-4470-a1bc-2d8d460bb105
70ba18d3-0818-4192-b019-561c8ac60542,ab70cc29-3c38-4990-aacb-da019ba11dd1,4.3,88eab83f-6a40-4470-a1bc-2d8d460bb105
48822468-ac84-4d29-9f1e-ff641ff31876,c261d725-4f92-4bb5-a150-0da24d7a520b,4.4,88eab83f-6a40-4470-a1bc-2d8d460bb105
48822468-ac84-4d29-9f1e-ff641ff31876,0d105985-1449-480f-8a59-a28b1a842f3c,4.3,88eab83f-6a40-4470-a1bc-2d8d460bb105
48822468-ac84-4d29-9f1e-ff641ff31876,8cf37f89-0b9b-409f-9c1c-e0db03666966,2.3,88eab83f-6a40-4470-a1bc-2d8d460bb105
48822468-ac84-4d29-9f1e-ff641ff31876,5d6b881a-bcff-4e92-84bc-935578fdb8d9,3.0,88eab83f-6a40-4470-a1bc-2d8d460bb105
9434de83-4f06-443b-a159-307851837913,9266dcfa-f2c0-4ea5-a6d4-303297476cc4,1.8,88eab83f-6a40-4470-a1bc-2d8d460bb105
9434de83-4f06-443b-a159-307851837913,5d6b881a-bcff-4e92-84bc-935578fdb8d9,2.4,88eab83f-6a40-4470-a1bc-2d8d460bb105
9434de83-4f06-443b-a159-307851837913,ab70cc29-3c38-4990-aacb-da019ba11dd1,5.0,88eab83f-6a40-4470-a1bc-2d8d460bb105
3e404b2f-5e29-41a2-ac9a-4dd45a02dfdf,7ebd8830-e505-4ed4-8fff-0a35d306e377,3.9,88eab83f-6a40-4470-a1bc-2d8d460bb105
3e404b2f-5e29-41a2-ac9a-4dd45a02dfdf,5c7fc23a-188d-4a53-9325-21ccef62d808,2.2,88eab83f-6a40-4470-a1bc-2d8d460bb105
3e404b2f-5e29-41a2-ac9a-4dd45a02dfdf,c0ac9074-6434-422f-87b6-6cb85e853cb4,3.2,88eab83f-6a40-4470-a1bc-2d8d460bb105
3e404b2f-5e29-41a2-ac9a-4dd45a02dfdf,ab70cc29-3c38-4990-aacb-da019ba11dd1,4.7,88eab83f-6a40-4470-a1bc-2d8d460bb105
7be66667-34bf-4fc4-a1f4-a03b37a1b9aa,42b87fca-1db3-4666-8eff-f622cd40e0f7,2.2,88eab83f-6a40-4470-a1bc-2d8d460bb105
7be66667-34bf-4fc4-a1f4-a03b37a1b9aa,f2ccb5c7-cc9a-4776-ba35-df2c9bf7da19,1.1,88eab83f-6a40-4470-a1bc-2d8d460bb105
7be66667-34bf-4fc4-a1f4-a03b37a1b9aa,ab70cc29-3c38-4990-aacb-da019ba11dd1,4.6,88eab83f-6a40-4470-a1bc-2d8d460bb105
d5fc6914-1b45-4db3-8d7b-93662e994dfc,d0156778-ad53-4edf-8292-2e114234573b,2.0,88eab83f-6a40-4470-a1bc-2d8d460bb105
d5fc6914-1b45-4db3-8d7b-93662e994dfc,f5d56393-a959-49db-a83f-82bb293e3f86,3.0,88eab83f-6a40-4470-a1bc-2d8d460bb105
d5fc6914-1b45-4db3-8d7b-93662e994dfc,ab70cc29-3c38-4990-aacb-da019ba11dd1,3.8,88eab83f-6a40-4470-a1bc-2d8d460bb105
fac47c76-be3d-4b7f-954b-f5d488399c58,18d709a8-a642-4ddf-9734-5b22c02cfa3e,4.8,88eab83f-6a40-4470-a1bc-2d8d460bb105
fac47c76-be3d-4b7f-954b-f5d488399c58,ec91d02e-e3f6-485e-b833-736251b98460,2.0,88eab83f-6a40-4470-a1bc-2d8d460bb105
fac47c76-be3d-4b7f-954b-f5d488399c58,8cf37f89-0b9b-409f-9c1c-e0db03666966,3.2,88eab83f-6a40-4470-a1bc-2d8d460bb105
fac47c76-be3d-4b7f-954b-f5d488399c58,9bd72cef-87e4-4108-a047-e3df0529eee9,2.1,88eab83f-6a40-4470-a1bc-2d8d460bb105
337f94fe-cc55-4202-a2cf-4e8305c49262,ee6611b2-a656-4c16-b938-ccede9148216,3.0,88eab83f-6a40-4470-a1bc-2d8d460bb105
337f94fe-cc55-4202-a2cf-4e8305c49262,9bd72cef-87e4-4108-a047-e3df0529eee9,2.0,88eab83f-6a40-4470-a1bc-2d8d460bb105
337f94fe-cc55-4202-a2cf-4e8305c49262,6162fa94-f602-4376-9659-f87433bca77e,2.1,88eab83f-6a40-4470-a1bc-2d8d460bb105
48e7d279-61be-4162-8674-0660e748fa63,70da1e02-29df-4e19-83ca-e0e29d855544,4.5,88eab83f-6a40-4470-a1bc-2d8d460bb105
48e7d279-61be-4162-8674-0660e748fa63,71f878bb-a083-41d8-b81c-8b3b2abf6e9d,1.5,88eab83f-6a40-4470-a1bc-2d8d460bb105
48e7d279-61be-4162-8674-0660e748fa63,4c102109-1ee9-43c5-9e88-bacf0e668d0d,4.5,88eab83f-6a40-4470-a1bc-2d8d460bb105
d1839ec4-e7ba-46a3-87fd-d36326ab4edf,166b6140-d29b-441a-80f6-c13ce8e846ed,4.5,88eab83f-6a40-4470-a1bc-2d8d460bb105
d1839ec4-e7ba-46a3-87fd-d36326ab4edf,f2bea0e2-73c0-4d58-89e4-2d61f59424f5,2.9,88eab83f-6a40-4470-a1bc-2d8d460bb105
d1839ec4-e7ba-46a3-87fd-d36326ab4edf,1bb34aa2-e426-46e9-a518-d44fb6b419e5,3.7,88eab83f-6a40-4470-a1bc-2d8d460bb105
d1839ec4-e7ba-46a3-87fd-d36326ab4edf,ab70cc29-3c38-4990-aacb-da019ba11dd1,3.4,88eab83f-6a40-4470-a1bc-2d8d460bb105
4c07ffe5-6992-49c8-a8d4-cf7559c3c896,f5d56393-a959-49db-a83f-82bb293e3f86,4.4,88eab83f-6a40-4470-a1bc-2d8d460bb105
4c07ffe5-6992-49c8-a8d4-cf7559c3c896,626c897a-34f6-412e-8f78-9474d056768a,2.7,88eab83f-6a40-4470-a1bc-2d8d460bb105
4c07ffe5-6992-49c8-a8d4-cf7559c3c896,c0ac9074-6434-422f-87b6-6cb85e853cb4,4.6,88eab83f-6a40-4470-a1bc-2d8d460bb105
4c07ffe5-6992-49c8-a8d4-cf7559c3c896,9bd72cef-87e4-4108-a047-e3df0529eee9,3.4,88eab83f-6a40-4470-a1bc-2d8d460bb105
2e24f8bb-3803-41a5-b835-4ac289233f6d,4f7d0cf6-bf55-4514-9db0-b1f32e09f9ea,4.0,88eab83f-6a40-4470-a1bc-2d8d460bb105
2e24f8bb-3803-41a5-b835-4ac289233f6d,83d8df76-37b0-43f9-9f3b-dde96f2ab8c8,3.1,88eab83f-6a40-4470-a1bc-2d8d460bb105
2e24f8bb-3803-41a5-b835-4ac289233f6d,6162fa94-f602-4376-9659-f87433bca77e,3.7,88eab83f-6a40-4470-a1bc-2d8d460bb105
c931a9fb-0805-43e7-a919-acf3a7fa6edb,cabab904-8ec4-4d1b-b701-99093a9c8220,2.5,88eab83f-6a40-4470-a1bc-2d8d460bb105
c931a9fb-0805-43e7-a919-acf3a7fa6edb,4f7d0cf6-bf55-4514-9db0-b1f32e09f9ea,4.1,88eab83f-6a40-4470-a1bc-2d8d460bb105
c931a9fb-0805-43e7-a919-acf3a7fa6edb,17015c7b-e74d-4774-afe9-0dd5cb837bed,3.1,88eab83f-6a40-4470-a1bc-2d8d460bb105
c7e66d5a-99a8-40ed-9d5d-cc6af5d44911,a9ce1c00-1b78-4246-82fe-f11c4e17252d,4.7,88eab83f-6a40-4470-a1bc-2d8d460bb105
c7e66d5a-99a8-40ed-9d5d-cc6af5d44911,626c897a-34f6-412e-8f78-9474d056768a,1.7,88eab83f-6a40-4470-a1bc-2d8d460bb105
c7e66d5a-99a8-40ed-9d5d-cc6af5d44911,1b3391c1-2f8b-49f8-a0d1-f876f1ed15f5,3.3,88eab83f-6a40-4470-a1bc-2d8d460bb105
c7e66d5a-99a8-40ed-9d5d-cc6af5d44911,9bd72cef-87e4-4108-a047-e3df0529eee9,1.3,88eab83f-6a40-4470-a1bc-2d8d460bb105
cd294a49-7cbd-4082-bb88-1260b7e030c4,ec583eb9-56c3-422a-b34a-fbca1a285766,4.7,88eab83f-6a40-4470-a1bc-2d8d460bb105
cd294a49-7cbd-4082-bb88-1260b7e030c4,71f878bb-a083-41d8-b81c-8b3b2abf6e9d,3.7,88eab83f-6a40-4470-a1bc-2d8d460bb105
cd294a49-7cbd-4082-bb88-1260b7e030c4,8cf37f89-0b9b-409f-9c1c-e0db03666966,4.3,88eab83f-6a40-4470-a1bc-2d8d460bb105
cd294a49-7cbd-4082-bb88-1260b7e030c4,b463be3b-0e4f-4256-8702-6af84474bb96,2.8,88eab83f-6a40-4470-a1bc-2d8d460bb105
98e1f173-1b0c-4a7f-b929-bd453c536bf8,5509cd51-1d9d-4dd4-9c7d-c1c943ca903b,4.2,88eab83f-6a40-4470-a1bc-2d8d460bb105
98e1f173-1b0c-4a7f-b929-bd453c536bf8,5ef015e6-ac66-49a6-bc8a-d91c5ea037e3,3.1,88eab83f-6a40-4470-a1bc-2d8d460bb105
98e1f173-1b0c-4a7f-b929-bd453c536bf8,ab70cc29-3c38-4990-aacb-da019ba11dd1,2.8,88eab83f-6a40-4470-a1bc-2d8d460bb105
091c8a5d-7327-48ad-ae9d-6ab2f2b1228f,5e768450-4ec5-41c9-9096-81edd2c010c3,2.6,88eab83f-6a40-4470-a1bc-2d8d460bb105
091c8a5d-7327-48ad-ae9d-6ab2f2b1228f,c0ac9074-6434-422f-87b6-6cb85e853cb4,1.9,88eab83f-6a40-4470-a1bc-2d8d460bb105
091c8a5d-7327-48ad-ae9d-6ab2f2b1228f,ab70cc29-3c38-4990-aacb-da019ba11dd1,1.4,88eab83f-6a40-4470-a1bc-2d8d460bb105
2c0dabe6-e629-45f1-b8bc-3b866e8c86c2,5c3da6a1-fffd-499f-9a1e-37a1b0706fd4,2.1,88eab83f-6a40-4470-a1bc-2d8d460bb105
2c0dabe6-e629-45f1-b8bc-3b866e8c86c2,f1fe8e4c-494e-42c1-9db0-7ad42a28bfee,1.5,88eab83f-6a40-4470-a1bc-2d8d460bb105
2c0dabe6-e629-45f1-b8bc-3b866e8c86c2,9bd72cef-87e4-4108-a047-e3df0529eee9,4.9,88eab83f-6a40-4470-a1bc-2d8d460bb105
72298cc4-89d8-4447-858f-ba7f6c2e7096,fb261397-84fc-4182-889b-96de72a6bd80,5.0,88eab83f-6a40-4470-a1bc-2d8d460bb105
72298cc4-89d8-4447-858f-ba7f6c2e7096,e2e91854-f8ca-427f-9b32-e18fd2a48498,1.5,88eab83f-6a40-4470-a1bc-2d8d460bb105
72298cc4-89d8-4447-858f-ba7f6c2e7096,9bd72cef-87e4-4108-a047-e3df0529eee9,2.9,88eab83f-6a40-4470-a1bc-2d8d460bb105
2cb699a0-8278-40a8-8659-bf68fbb00d2b,88530444-cbec-440d-8f06-bdc74ad46a3f,2.8,88eab83f-6a40-4470-a1bc-2d8d460bb105
2cb699a0-8278-40a8-8659-bf68fbb00d2b,678754a1-100d-4cef-ace6-2d66f80fe67e,2.8,88eab83f-6a40-4470-a1bc-2d8d460bb105
2cb699a0-8278-40a8-8659-bf68fbb00d2b,9bd72cef-87e4-4108-a047-e3df0529eee9,2.2,88eab83f-6a40-4470-a1bc-2d8d460bb105
2721571f-c2de-4ef9-a435-bafc3974fd56,e4430f19-f09d-48c6-a096-1a363146de40,4.4,88eab83f-6a40-4470-a1bc-2d8d460bb105
2721571f-c2de-4ef9-a435-bafc3974fd56,5d6b881a-bcff-4e92-84bc-935578fdb8d9,1.3,88eab83f-6a40-4470-a1bc-2d8d460bb105
2721571f-c2de-4ef9-a435-bafc3974fd56,709364bc-514e-4559-a8ec-ea71468dc891,1.7,88eab83f-6a40-4470-a1bc-2d8d460bb105
2721571f-c2de-4ef9-a435-bafc3974fd56,8cf37f89-0b9b-409f-9c1c-e0db03666966,1.1,88eab83f-6a40-4470-a1bc-2d8d460bb105
b15190c0-3f8c-4085-8538-4ceddb11db9a,8ec89983-aa4d-4ef6-83a8-27d7db93eb7c,4.3,88eab83f-6a40-4470-a1bc-2d8d460bb105
b15190c0-3f8c-4085-8538-4ceddb11db9a,2aa17ede-a10e-407f-8feb-41d0cc54dc7a,4.4,88eab83f-6a40-4470-a1bc-2d8d460bb105
b15190c0-3f8c-4085-8538-4ceddb11db9a,c0ac9074-6434-422f-87b6-6cb85e853cb4,1.1,88eab83f-6a40-4470-a1bc-2d8d460bb105
33764feb-6eeb-44f7-a3c7-8a629ae77185,ec1cbb0d-0975-43de-9aad-33debf9138f9,4.4,88eab83f-6a40-4470-a1bc-2d8d460bb105
33764feb-6eeb-44f7-a3c7-8a629ae77185,709364bc-514e-4559-a8ec-ea71468dc891,3.6,88eab83f-6a40-4470-a1bc-2d8d460bb105
387cabec-3b60-455a-9e31-e13874280a59,d0156778-ad53-4edf-8292-2e114234573b,4.2,88eab83f-6a40-4470-a1bc-2d8d460bb105
387cabec-3b60-455a-9e31-e13874280a59,f2bea0e2-73c0-4d58-89e4-2d61f59424f5,1.4,88eab83f-6a40-4470-a1bc-2d8d460bb105
4450377c-0503-445f-882b-e167fc05a084,18d709a8-a642-4ddf-9734-5b22c02cfa3e,4.8,88eab83f-6a40-4470-a1bc-2d8d460bb105
4450377c-0503-445f-882b-e167fc05a084,5d6b881a-bcff-4e92-84bc-935578fdb8d9,4.1,88eab83f-6a40-4470-a1bc-2d8d460bb105
4450377c-0503-445f-882b-e167fc05a084,8cf37f89-0b9b-409f-9c1c-e0db03666966,3.9,88eab83f-6a40-4470-a1bc-2d8d460bb105
17c8b7db-486f-46e9-b140-0c002c1280bf,ee6611b2-a656-4c16-b938-ccede9148216,2.2,88eab83f-6a40-4470-a1bc-2d8d460bb105
17c8b7db-486f-46e9-b140-0c002c1280bf,678754a1-100d-4cef-ace6-2d66f80fe67e,2.7,88eab83f-6a40-4470-a1bc-2d8d460bb105
17c8b7db-486f-46e9-b140-0c002c1280bf,ec91d02e-e3f6-485e-b833-736251b98460,1.5,88eab83f-6a40-4470-a1bc-2d8d460bb105
200bda18-6681-455d-9a1a-33f30b6cd1c9,70da1e02-29df-4e19-83ca-e0e29d855544,1.8,88eab83f-6a40-4470-a1bc-2d8d460bb105
200bda18-6681-455d-9a1a-33f30b6cd1c9,8cf37f89-0b9b-409f-9c1c-e0db03666966,1.7,88eab83f-6a40-4470-a1bc-2d8d460bb105
8b85df92-0f67-46b5-b438-d5afdb0e721b,166b6140-d29b-441a-80f6-c13ce8e846ed,2.7,88eab83f-6a40-4470-a1bc-2d8d460bb105
8b85df92-0f67-46b5-b438-d5afdb0e721b,f2bea0e2-73c0-4d58-89e4-2d61f59424f5,1.7,88eab83f-6a40-4470-a1bc-2d8d460bb105
d709f605-b230-4497-ab86-c93f1a22e4ed,f5d56393-a959-49db-a83f-82bb293e3f86,3.6,88eab83f-6a40-4470-a1bc-2d8d460bb105
d709f605-b230-4497-ab86-c93f1a22e4ed,8cf37f89-0b9b-409f-9c1c-e0db03666966,1.3,88eab83f-6a40-4470-a1bc-2d8d460bb105
d709f605-b230-4497-ab86-c93f1a22e4ed,7698a6b3-c0a2-48aa-af8c-be363a26023e,2.7,88eab83f-6a40-4470-a1bc-2d8d460bb105
318db0bf-eff3-4176-9e56-3af7398610c6,4f7d0cf6-bf55-4514-9db0-b1f32e09f9ea,2.6,88eab83f-6a40-4470-a1bc-2d8d460bb105
318db0bf-eff3-4176-9e56-3af7398610c6,6162fa94-f602-4376-9659-f87433bca77e,1.3,88eab83f-6a40-4470-a1bc-2d8d460bb105
02a9af0a-3fe8-4987-a939-744de97d97f9,cabab904-8ec4-4d1b-b701-99093a9c8220,1.8,88eab83f-6a40-4470-a1bc-2d8d460bb105
02a9af0a-3fe8-4987-a939-744de97d97f9,9749559b-1b4b-483c-897b-96bd1aaa26ec,4.0,88eab83f-6a40-4470-a1bc-2d8d460bb105
f8ea64ba-e486-4d73-a1ec-ab670fbfadac,a9ce1c00-1b78-4246-82fe-f11c4e17252d,1.9,88eab83f-6a40-4470-a1bc-2d8d460bb105
b73c61fa-be19-4500-9548-0e28e625a086,ec583eb9-56c3-422a-b34a-fbca1a285766,2.1,88eab83f-6a40-4470-a1bc-2d8d460bb105
b73c61fa-be19-4500-9548-0e28e625a086,ec91d02e-e3f6-485e-b833-736251b98460,1.8,88eab83f-6a40-4470-a1bc-2d8d460bb105
a24b8f65-a674-41c6-8db4-0d3ae1fb5b0c,5509cd51-1d9d-4dd4-9c7d-c1c943ca903b,4.7,88eab83f-6a40-4470-a1bc-2d8d460bb105
a24b8f65-a674-41c6-8db4-0d3ae1fb5b0c,2aa17ede-a10e-407f-8feb-41d0cc54dc7a,3.4,88eab83f-6a40-4470-a1bc-2d8d460bb105
57a2ffa8-9b41-4e46-9091-127ce5563a92,5e768450-4ec5-41c9-9096-81edd2c010c3,1.6,88eab83f-6a40-4470-a1bc-2d8d460bb105
57a2ffa8-9b41-4e46-9091-127ce5563a92,b5b94f34-17ee-4324-b5aa-377619ec67fc,4.3,88eab83f-6a40-4470-a1bc-2d8d460bb105
57a2ffa8-9b41-4e46-9091-127ce5563a92,ab70cc29-3c38-4990-aacb-da019ba11dd1,2.6,88eab83f-6a40-4470-a1bc-2d8d460bb105
78644f53-c1d0-48c8-9f52-1ba3edf3f7eb,5c3da6a1-fffd-499f-9a1e-37a1b0706fd4,1.5,88eab83f-6a40-4470-a1bc-2d8d460bb105
78644f53-c1d0-48c8-9f52-1ba3edf3f7eb,678754a1-100d-4cef-ace6-2d66f80fe67e,3.3,88eab83f-6a40-4470-a1bc-2d8d460bb105
68ead65d-3799-4089-9eac-9e443938b42c,fb261397-84fc-4182-889b-96de72a6bd80,3.5,88eab83f-6a40-4470-a1bc-2d8d460bb105
68ead65d-3799-4089-9eac-9e443938b42c,626c897a-34f6-412e-8f78-9474d056768a,3.9,88eab83f-6a40-4470-a1bc-2d8d460bb105
68ead65d-3799-4089-9eac-9e443938b42c,1b3391c1-2f8b-49f8-a0d1-f876f1ed15f5,1.8,88eab83f-6a40-4470-a1bc-2d8d460bb105
9a261637-fd3e-4ec7-a8de-5e5d1ffda6a4,88530444-cbec-440d-8f06-bdc74ad46a3f,3.0,88eab83f-6a40-4470-a1bc-2d8d460bb105
9a261637-fd3e-4ec7-a8de-5e5d1ffda6a4,ec91d02e-e3f6-485e-b833-736251b98460,2.7,88eab83f-6a40-4470-a1bc-2d8d460bb105
9a261637-fd3e-4ec7-a8de-5e5d1ffda6a4,afb15d83-77bb-42bc-99dd-bc35ee2fd896,1.5,88eab83f-6a40-4470-a1bc-2d8d460bb105
b2d20cd9-e2a3-405f-a7e6-6b57d07e1d4b,e4430f19-f09d-48c6-a096-1a363146de40,1.4,88eab83f-6a40-4470-a1bc-2d8d460bb105
b2d20cd9-e2a3-405f-a7e6-6b57d07e1d4b,5d6b881a-bcff-4e92-84bc-935578fdb8d9,1.9,88eab83f-6a40-4470-a1bc-2d8d460bb105
b2d20cd9-e2a3-405f-a7e6-6b57d07e1d4b,709364bc-514e-4559-a8ec-ea71468dc891,2.7,88eab83f-6a40-4470-a1bc-2d8d460bb105
b2d20cd9-e2a3-405f-a7e6-6b57d07e1d4b,8cf37f89-0b9b-409f-9c1c-e0db03666966,3.8,88eab83f-6a40-4470-a1bc-2d8d460bb105
a1dacd6d-cba4-4482-9048-f05754bec294,8ec89983-aa4d-4ef6-83a8-27d7db93eb7c,4.5,88eab83f-6a40-4470-a1bc-2d8d460bb105
a1dacd6d-cba4-4482-9048-f05754bec294,0d105985-1449-480f-8a59-a28b1a842f3c,3.5,88eab83f-6a40-4470-a1bc-2d8d460bb105
a1dacd6d-cba4-4482-9048-f05754bec294,5af9acd5-5f52-46f2-b717-01f76a0be253,2.3,88eab83f-6a40-4470-a1bc-2d8d460bb105
29084bf8-0fbd-46c1-b03e-ee59a61bd1b3,ec1cbb0d-0975-43de-9aad-33debf9138f9,1.3,88eab83f-6a40-4470-a1bc-2d8d460bb105
29084bf8-0fbd-46c1-b03e-ee59a61bd1b3,83d8df76-37b0-43f9-9f3b-dde96f2ab8c8,1.7,88eab83f-6a40-4470-a1bc-2d8d460bb105
29084bf8-0fbd-46c1-b03e-ee59a61bd1b3,709364bc-514e-4559-a8ec-ea71468dc891,1.9,88eab83f-6a40-4470-a1bc-2d8d460bb105
dd60017d-ae3e-42a0-aca2-a26caa0665e8,42b87fca-1db3-4666-8eff-f622cd40e0f7,4.0,88eab83f-6a40-4470-a1bc-2d8d460bb105
dd60017d-ae3e-42a0-aca2-a26caa0665e8,3f3b0b0f-fcec-4653-a5c7-a7763bae7ec1,2.0,88eab83f-6a40-4470-a1bc-2d8d460bb105
dd60017d-ae3e-42a0-aca2-a26caa0665e8,5c7fc23a-188d-4a53-9325-21ccef62d808,4.7,88eab83f-6a40-4470-a1bc-2d8d460bb105
5bcd15b5-50af-46b6-82be-48b80362d49e,7ebd8830-e505-4ed4-8fff-0a35d306e377,5.0,88eab83f-6a40-4470-a1bc-2d8d460bb105
5bcd15b5-50af-46b6-82be-48b80362d49e,ec91d02e-e3f6-485e-b833-736251b98460,3.3,88eab83f-6a40-4470-a1bc-2d8d460bb105
5bcd15b5-50af-46b6-82be-48b80362d49e,4c102109-1ee9-43c5-9e88-bacf0e668d0d,1.9,88eab83f-6a40-4470-a1bc-2d8d460bb105
3a0fd3f0-63b3-4f00-8cc7-383f8c922784,166b6140-d29b-441a-80f6-c13ce8e846ed,2.9,88eab83f-6a40-4470-a1bc-2d8d460bb105
3a0fd3f0-63b3-4f00-8cc7-383f8c922784,f2bea0e2-73c0-4d58-89e4-2d61f59424f5,3.0,88eab83f-6a40-4470-a1bc-2d8d460bb105
3a0fd3f0-63b3-4f00-8cc7-383f8c922784,1bb34aa2-e426-46e9-a518-d44fb6b419e5,4.2,88eab83f-6a40-4470-a1bc-2d8d460bb105
7d7b0dbb-a8cf-479b-a38b-8c88a7343cd9,ee6611b2-a656-4c16-b938-ccede9148216,1.1,88eab83f-6a40-4470-a1bc-2d8d460bb105
7d7b0dbb-a8cf-479b-a38b-8c88a7343cd9,9bd72cef-87e4-4108-a047-e3df0529eee9,2.1,88eab83f-6a40-4470-a1bc-2d8d460bb105
795a767e-ee3d-4a61-ab18-66cd406fdcd7,f5d56393-a959-49db-a83f-82bb293e3f86,1.7,88eab83f-6a40-4470-a1bc-2d8d460bb105
795a767e-ee3d-4a61-ab18-66cd406fdcd7,71f878bb-a083-41d8-b81c-8b3b2abf6e9d,3.6,88eab83f-6a40-4470-a1bc-2d8d460bb105
795a767e-ee3d-4a61-ab18-66cd406fdcd7,4c102109-1ee9-43c5-9e88-bacf0e668d0d,2.9,88eab83f-6a40-4470-a1bc-2d8d460bb105
4fccc964-946d-46d1-947d-fcc71c15eafc,cabab904-8ec4-4d1b-b701-99093a9c8220,4.9,88eab83f-6a40-4470-a1bc-2d8d460bb105
4fccc964-946d-46d1-947d-fcc71c15eafc,4f7d0cf6-bf55-4514-9db0-b1f32e09f9ea,3.7,88eab83f-6a40-4470-a1bc-2d8d460bb105
9014a456-74b2-4653-a977-ed090f0496f5,5509cd51-1d9d-4dd4-9c7d-c1c943ca903b,4.0,88eab83f-6a40-4470-a1bc-2d8d460bb105
9014a456-74b2-4653-a977-ed090f0496f5,c0ac9074-6434-422f-87b6-6cb85e853cb4,2.3,88eab83f-6a40-4470-a1bc-2d8d460bb105
dc95222f-7679-4ecb-b00e-33d1f9bf8108,5e768450-4ec5-41c9-9096-81edd2c010c3,1.4,88eab83f-6a40-4470-a1bc-2d8d460bb105
dc95222f-7679-4ecb-b00e-33d1f9bf8108,ab70cc29-3c38-4990-aacb-da019ba11dd1,2.0,88eab83f-6a40-4470-a1bc-2d8d460bb105
2264191d-1707-46d0-9cef-d72b0a05cb57,5c3da6a1-fffd-499f-9a1e-37a1b0706fd4,2.8,88eab83f-6a40-4470-a1bc-2d8d460bb105
2264191d-1707-46d0-9cef-d72b0a05cb57,9bd72cef-87e4-4108-a047-e3df0529eee9,3.1,88eab83f-6a40-4470-a1bc-2d8d460bb105
319ff1d8-6ca9-4572-a2bd-4aa6306a5a37,fb261397-84fc-4182-889b-96de72a6bd80,3.7,88eab83f-6a40-4470-a1bc-2d8d460bb105
319ff1d8-6ca9-4572-a2bd-4aa6306a5a37,3f3b0b0f-fcec-4653-a5c7-a7763bae7ec1,4.6,88eab83f-6a40-4470-a1bc-2d8d460bb105
f9380c62-bad6-4b21-9873-615c4138c9f0,ec1cbb0d-0975-43de-9aad-33debf9138f9,3.0,88eab83f-6a40-4470-a1bc-2d8d460bb105
f9380c62-bad6-4b21-9873-615c4138c9f0,709364bc-514e-4559-a8ec-ea71468dc891,4.8,88eab83f-6a40-4470-a1bc-2d8d460bb105
