user_id,ingredient_id
437b6ae7-c53a-4398-ac00-4cacbb16c3d4,8cf37f89-0b9b-409f-9c1c-e0db03666966
437b6ae7-c53a-4398-ac00-4cacbb16c3d4,d9f3d1c2-309c-417f-9e0f-1d39d62ea314
437b6ae7-c53a-4398-ac00-4cacbb16c3d4,f2bea0e2-73c0-4d58-89e4-2d61f59424f5
437b6ae7-c53a-4398-ac00-4cacbb16c3d4,79d351be-2b19-4c35-8a93-0a426832bc23
437b6ae7-c53a-4398-ac00-4cacbb16c3d4,ee6611b2-a656-4c16-b938-ccede9148216
437b6ae7-c53a-4398-ac00-4cacbb16c3d4,58564747-90f7-4053-bf00-599fe78dfa96
437b6ae7-c53a-4398-ac00-4cacbb16c3d4,397a895b-3fe7-40a7-847c-ff5cebbceb4c
29661fa1-a7dc-432a-b01d-370a9bac4d61,c4e88c03-7fef-4d55-b9b9-3a3a79d1ba83
29661fa1-a7dc-432a-b01d-370a9bac4d61,ab70cc29-3c38-4990-aacb-da019ba11dd1
29661fa1-a7dc-432a-b01d-370a9bac4d61,9bd72cef-87e4-4108-a047-e3df0529eee9
29661fa1-a7dc-432a-b01d-370a9bac4d61,ec91d02e-e3f6-485e-b833-736251b98460
29661fa1-a7dc-432a-b01d-370a9bac4d61,60c5638c-28fa-4b5e-976a-11c6de1ab517
29661fa1-a7dc-432a-b01d-370a9bac4d61,70da1e02-29df-4e19-83ca-e0e29d855544
29661fa1-a7dc-432a-b01d-370a9bac4d61,ec583eb9-56c3-422a-b34a-fbca1a285766
29661fa1-a7dc-432a-b01d-370a9bac4d61,5c7fc23a-188d-4a53-9325-21ccef62d808
cdcbddb3-3152-495b-acd1-1c31697152eb,2aa17ede-a10e-407f-8feb-41d0cc54dc7a
cdcbddb3-3152-495b-acd1-1c31697152eb,31d3c9c1-2bca-4db6-8e6e-68a2e079938d
cdcbddb3-3152-495b-acd1-1c31697152eb,83d8df76-37b0-43f9-9f3b-dde96f2ab8c8
cdcbddb3-3152-495b-acd1-1c31697152eb,cabab904-8ec4-4d1b-b701-99093a9c8220
cdcbddb3-3152-495b-acd1-1c31697152eb,87dccb5b-5262-4b27-b292-0f3bc0ea915a
7c52c46f-4e4e-4031-a23e-525d371d17a5,ec583eb9-56c3-422a-b34a-fbca1a285766
7c52c46f-4e4e-4031-a23e-525d371d17a5,709364bc-514e-4559-a8ec-ea71468dc891
7c52c46f-4e4e-4031-a23e-525d371d17a5,4c102109-1ee9-43c5-9e88-bacf0e668d0d
7c52c46f-4e4e-4031-a23e-525d371d17a5,4fa170f1-a8b7-4cd3-9e5c-dc513c1fc25f
7c52c46f-4e4e-4031-a23e-525d371d17a5,52b53d42-3782-4a61-972f-046752d553cf
7c52c46f-4e4e-4031-a23e-525d371d17a5,5c3da6a1-fffd-499f-9a1e-37a1b0706fd4
7c52c46f-4e4e-4031-a23e-525d371d17a5,ab70cc29-3c38-4990-aacb-da019ba11dd1
7c52c46f-4e4e-4031-a23e-525d371d17a5,c261d725-4f92-4bb5-a150-0da24d7a520b
7c52c46f-4e4e-4031-a23e-525d371d17a5,fb261397-84fc-4182-889b-96de72a6bd80
dce5364e-b3e3-446d-81ce-cfa537871a04,2aa17ede-a10e-407f-8feb-41d0cc54dc7a
dce5364e-b3e3-446d-81ce-cfa537871a04,4220b200-ef4c-485a-8c07-12d57bdf1688
dce5364e-b3e3-446d-81ce-cfa537871a04,c88c52ba-2534-40e4-8d49-3b0860df4649
dce5364e-b3e3-446d-81ce-cfa537871a04,17015c7b-e74d-4774-afe9-0dd5cb837bed
dce5364e-b3e3-446d-81ce-cfa537871a04,e0936c15-f17a-41f2-aacb-b91c81107046
dce5364e-b3e3-446d-81ce-cfa537871a04,83d8df76-37b0-43f9-9f3b-dde96f2ab8c8
dce5364e-b3e3-446d-81ce-cfa537871a04,ee6611b2-a656-4c16-b938-ccede9148216
dce5364e-b3e3-446d-81ce-cfa537871a04,1bb34aa2-e426-46e9-a518-d44fb6b419e5
dc653cd9-2705-4a62-8fbf-ba472ac0b46c,e0936c15-f17a-41f2-aacb-b91c81107046
dc653cd9-2705-4a62-8fbf-ba472ac0b46c,17015c7b-e74d-4774-afe9-0dd5cb837bed
dc653cd9-2705-4a62-8fbf-ba472ac0b46c,5e768450-4ec5-41c9-9096-81edd2c010c3
dc653cd9-2705-4a62-8fbf-ba472ac0b46c,31d3c9c1-2bca-4db6-8e6e-68a2e079938d
dc653cd9-2705-4a62-8fbf-ba472ac0b46c,2aa17ede-a10e-407f-8feb-41d0cc54dc7a
dc653cd9-2705-4a62-8fbf-ba472ac0b46c,60c5638c-28fa-4b5e-976a-11c6de1ab517
dc653cd9-2705-4a62-8fbf-ba472ac0b46c,6162fa94-f602-4376-9659-f87433bca77e
dc653cd9-2705-4a62-8fbf-ba472ac0b46c,1b3391c1-2f8b-49f8-a0d1-f876f1ed15f5
dc653cd9-2705-4a62-8fbf-ba472ac0b46c,88530444-cbec-440d-8f06-bdc74ad46a3f
dc653cd9-2705-4a62-8fbf-ba472ac0b46c,4f7d0cf6-bf55-4514-9db0-b1f32e09f9ea
0cf9dac4-f665-45d3-b38e-5103562eef4f,60c5638c-28fa-4b5e-976a-11c6de1ab517
0cf9dac4-f665-45d3-b38e-5103562eef4f,3f3b0b0f-fcec-4653-a5c7-a7763bae7ec1
0cf9dac4-f665-45d3-b38e-5103562eef4f,9bd72cef-87e4-4108-a047-e3df0529eee9
0cf9dac4-f665-45d3-b38e-5103562eef4f,afb15d83-77bb-42bc-99dd-bc35ee2fd896
0cf9dac4-f665-45d3-b38e-5103562eef4f,69a2dbee-7de7-4514-9f3a-4012fea5d5a3
0cf9dac4-f665-45d3-b38e-5103562eef4f,ee6611b2-a656-4c16-b938-ccede9148216
4a1ccc3b-f5c0-4953-8284-459a4db4874d,008340ad-18b2-4ed8-9eab-da78f798910d
4a1ccc3b-f5c0-4953-8284-459a4db4874d,17015c7b-e74d-4774-afe9-0dd5cb837bed
4a1ccc3b-f5c0-4953-8284-459a4db4874d,678754a1-100d-4cef-ace6-2d66f80fe67e
4a1ccc3b-f5c0-4953-8284-459a4db4874d,7bd2d809-c73e-4b12-ad13-398b5a0235f8
4a1ccc3b-f5c0-4953-8284-459a4db4874d,1bb34aa2-e426-46e9-a518-d44fb6b419e5
4c5f4b54-14f4-475e-97f9-505ac05c1047,b5b94f34-17ee-4324-b5aa-377619ec67fc
4c5f4b54-14f4-475e-97f9-505ac05c1047,3f3b0b0f-fcec-4653-a5c7-a7763bae7ec1
4c5f4b54-14f4-475e-97f9-505ac05c1047,f2ccb5c7-cc9a-4776-ba35-df2c9bf7da19
4c5f4b54-14f4-475e-97f9-505ac05c1047,4220b200-ef4c-485a-8c07-12d57bdf1688
4c5f4b54-14f4-475e-97f9-505ac05c1047,8cf37f89-0b9b-409f-9c1c-e0db03666966
4c5f4b54-14f4-475e-97f9-505ac05c1047,0f6e6b4f-61e7-400f-b8d4-693e399d2b1e
4c5f4b54-14f4-475e-97f9-505ac05c1047,678754a1-100d-4cef-ace6-2d66f80fe67e
4c5f4b54-14f4-475e-97f9-505ac05c1047,6162fa94-f602-4376-9659-f87433bca77e
3a5239be-a771-4678-b252-462fa7562479,5c3da6a1-fffd-499f-9a1e-37a1b0706fd4
3a5239be-a771-4678-b252-462fa7562479,42b87fca-1db3-4666-8eff-f622cd40e0f7
3a5239be-a771-4678-b252-462fa7562479,d9f3d1c2-309c-417f-9e0f-1d39d62ea314
3a5239be-a771-4678-b252-462fa7562479,b224635c-e836-45a3-8d9a-150bcc18b1b7
3a5239be-a771-4678-b252-462fa7562479,71f878bb-a083-41d8-b81c-8b3b2abf6e9d
3a5239be-a771-4678-b252-462fa7562479,4fa170f1-a8b7-4cd3-9e5c-dc513c1fc25f
703aea7e-df98-4291-a1ef-fa6411711a60,4220b200-ef4c-485a-8c07-12d57bdf1688
703aea7e-df98-4291-a1ef-fa6411711a60,9bd72cef-87e4-4108-a047-e3df0529eee9
703aea7e-df98-4291-a1ef-fa6411711a60,1b3391c1-2f8b-49f8-a0d1-f876f1ed15f5
703aea7e-df98-4291-a1ef-fa6411711a60,c4e88c03-7fef-4d55-b9b9-3a3a79d1ba83
703aea7e-df98-4291-a1ef-fa6411711a60,7ebd8830-e505-4ed4-8fff-0a35d306e377
703aea7e-df98-4291-a1ef-fa6411711a60,c88c52ba-2534-40e4-8d49-3b0860df4649
703aea7e-df98-4291-a1ef-fa6411711a60,9266dcfa-f2c0-4ea5-a6d4-303297476cc4
703aea7e-df98-4291-a1ef-fa6411711a60,70da1e02-29df-4e19-83ca-e0e29d855544
4b23caee-72df-4f8d-8829-10bba0de426a,f2bea0e2-73c0-4d58-89e4-2d61f59424f5
4b23caee-72df-4f8d-8829-10bba0de426a,88530444-cbec-440d-8f06-bdc74ad46a3f
4b23caee-72df-4f8d-8829-10bba0de426a,ec583eb9-56c3-422a-b34a-fbca1a285766
4b23caee-72df-4f8d-8829-10bba0de426a,e4430f19-f09d-48c6-a096-1a363146de40
4b23caee-72df-4f8d-8829-10bba0de426a,626c897a-34f6-412e-8f78-9474d056768a
4b23caee-72df-4f8d-8829-10bba0de426a,5ef015e6-ac66-49a6-bc8a-d91c5ea037e3
4b23caee-72df-4f8d-8829-10bba0de426a,1bb34aa2-e426-46e9-a518-d44fb6b419e5
4b23caee-72df-4f8d-8829-10bba0de426a,414c6e0a-6b4b-4a47-9424-2589544c0985
4b23caee-72df-4f8d-8829-10bba0de426a,3f3b0b0f-fcec-4653-a5c7-a7763bae7ec1
4b23caee-72df-4f8d-8829-10bba0de426a,8da402f8-94e1-4387-9468-c6b7cfcbf460
2face309-fffa-44c1-965f-1b5b53f3568e,4fa170f1-a8b7-4cd3-9e5c-dc513c1fc25f
2face309-fffa-44c1-965f-1b5b53f3568e,ec1cbb0d-0975-43de-9aad-33debf9138f9
2face309-fffa-44c1-965f-1b5b53f3568e,8da402f8-94e1-4387-9468-c6b7cfcbf460
2face309-fffa-44c1-965f-1b5b53f3568e,9266dcfa-f2c0-4ea5-a6d4-303297476cc4
2face309-fffa-44c1-965f-1b5b53f3568e,f1fe8e4c-494e-42c1-9db0-7ad42a28bfee
2face309-fffa-44c1-965f-1b5b53f3568e,5c92d401-9ee4-4940-9b73-86fa01228d4a
2face309-fffa-44c1-965f-1b5b53f3568e,0d105985-1449-480f-8a59-a28b1a842f3c
2face309-fffa-44c1-965f-1b5b53f3568e,0f6e6b4f-61e7-400f-b8d4-693e399d2b1e
2face309-fffa-44c1-965f-1b5b53f3568e,0540f760-856d-455b-b8cc-ea7959723c19
14cf6b16-a816-4d9a-86a7-92d03f8db22e,6162fa94-f602-4376-9659-f87433bca77e
14cf6b16-a816-4d9a-86a7-92d03f8db22e,b5b94f34-17ee-4324-b5aa-377619ec67fc
14cf6b16-a816-4d9a-86a7-92d03f8db22e,c4e88c03-7fef-4d55-b9b9-3a3a79d1ba83
14cf6b16-a816-4d9a-86a7-92d03f8db22e,d0156778-ad53-4edf-8292-2e114234573b
14cf6b16-a816-4d9a-86a7-92d03f8db22e,87dccb5b-5262-4b27-b292-0f3bc0ea915a
14cf6b16-a816-4d9a-86a7-92d03f8db22e,cb232181-c09f-4dc0-90fe-246ec3a8dad3
14cf6b16-a816-4d9a-86a7-92d03f8db22e,58564747-90f7-4053-bf00-599fe78dfa96
14cf6b16-a816-4d9a-86a7-92d03f8db22e,ee6611b2-a656-4c16-b938-ccede9148216
14cf6b16-a816-4d9a-86a7-92d03f8db22e,e4430f19-f09d-48c6-a096-1a363146de40
f80684cf-5e0e-4e54-a5c3-252aac7dab99,f383e75c-cee2-4445-88de-922311c86037
f80684cf-5e0e-4e54-a5c3-252aac7dab99,8078633e-f337-40ad-828f-f545c3fb9503
f80684cf-5e0e-4e54-a5c3-252aac7dab99,e2e91854-f8ca-427f-9b32-e18fd2a48498
f80684cf-5e0e-4e54-a5c3-252aac7dab99,79d351be-2b19-4c35-8a93-0a426832bc23
f80684cf-5e0e-4e54-a5c3-252aac7dab99,008340ad-18b2-4ed8-9eab-da78f798910d
f80684cf-5e0e-4e54-a5c3-252aac7dab99,ec91d02e-e3f6-485e-b833-736251b98460
f80684cf-5e0e-4e54-a5c3-252aac7dab99,9bd72cef-87e4-4108-a047-e3df0529eee9
f80684cf-5e0e-4e54-a5c3-252aac7dab99,e0936c15-f17a-41f2-aacb-b91c81107046
7df670c3-6ee0-4856-959b-434b096543a7,f383e75c-cee2-4445-88de-922311c86037
7df670c3-6ee0-4856-959b-434b096543a7,5c3da6a1-fffd-499f-9a1e-37a1b0706fd4
7df670c3-6ee0-4856-959b-434b096543a7,8078633e-f337-40ad-828f-f545c3fb9503
7df670c3-6ee0-4856-959b-434b096543a7,a1fc11e8-6c74-4e1a-95a6-654f4c96bcf8
7df670c3-6ee0-4856-959b-434b096543a7,0f6e6b4f-61e7-400f-b8d4-693e399d2b1e
7df670c3-6ee0-4856-959b-434b096543a7,8cf37f89-0b9b-409f-9c1c-e0db03666966
7df670c3-6ee0-4856-959b-434b096543a7,f5d56393-a959-49db-a83f-82bb293e3f86
7df670c3-6ee0-4856-959b-434b096543a7,17015c7b-e74d-4774-afe9-0dd5cb837bed
7df670c3-6ee0-4856-959b-434b096543a7,c0ac9074-6434-422f-87b6-6cb85e853cb4
4ad7afe7-52e8-4ebf-a05b-ba0412b83a5c,709364bc-514e-4559-a8ec-ea71468dc891
4ad7afe7-52e8-4ebf-a05b-ba0412b83a5c,ec1cbb0d-0975-43de-9aad-33debf9138f9
4ad7afe7-52e8-4ebf-a05b-ba0412b83a5c,5c3da6a1-fffd-499f-9a1e-37a1b0706fd4
4ad7afe7-52e8-4ebf-a05b-ba0412b83a5c,414c6e0a-6b4b-4a47-9424-2589544c0985
4ad7afe7-52e8-4ebf-a05b-ba0412b83a5c,6162fa94-f602-4376-9659-f87433bca77e
4ad7afe7-52e8-4ebf-a05b-ba0412b83a5c,cb232181-c09f-4dc0-90fe-246ec3a8dad3
4ad7afe7-52e8-4ebf-a05b-ba0412b83a5c,7b9a0da2-f5f9-45d1-9fc4-8e26ed064936
4ad7afe7-52e8-4ebf-a05b-ba0412b83a5c,ab70cc29-3c38-4990-aacb-da019ba11dd1
f04cdf5b-4d07-4cc8-ab36-7f0eb07b1a2d,ca0aa585-83cd-496f-b04b-5578e131f293
f04cdf5b-4d07-4cc8-ab36-7f0eb07b1a2d,b224635c-e836-45a3-8d9a-150bcc18b1b7
f04cdf5b-4d07-4cc8-ab36-7f0eb07b1a2d,c88c52ba-2534-40e4-8d49-3b0860df4649
f04cdf5b-4d07-4cc8-ab36-7f0eb07b1a2d,008340ad-18b2-4ed8-9eab-da78f798910d
f04cdf5b-4d07-4cc8-ab36-7f0eb07b1a2d,7b9a0da2-f5f9-45d1-9fc4-8e26ed064936
f04cdf5b-4d07-4cc8-ab36-7f0eb07b1a2d,4c102109-1ee9-43c5-9e88-bacf0e668d0d
cd153e2d-2e85-4fb5-a1d6-5e32a2a55175,0f6e6b4f-61e7-400f-b8d4-693e399d2b1e
cd153e2d-2e85-4fb5-a1d6-5e32a2a55175,88530444-cbec-440d-8f06-bdc74ad46a3f
cd153e2d-2e85-4fb5-a1d6-5e32a2a55175,9bd72cef-87e4-4108-a047-e3df0529eee9
cd153e2d-2e85-4fb5-a1d6-5e32a2a55175,0540f760-856d-455b-b8cc-ea7959723c19
cd153e2d-2e85-4fb5-a1d6-5e32a2a55175,008340ad-18b2-4ed8-9eab-da78f798910d
151b8761-0606-42e5-8fbb-80e2196143fe,6162fa94-f602-4376-9659-f87433bca77e
151b8761-0606-42e5-8fbb-80e2196143fe,79d351be-2b19-4c35-8a93-0a426832bc23
151b8761-0606-42e5-8fbb-80e2196143fe,60c5638c-28fa-4b5e-976a-11c6de1ab517
151b8761-0606-42e5-8fbb-80e2196143fe,1bb34aa2-e426-46e9-a518-d44fb6b419e5
151b8761-0606-42e5-8fbb-80e2196143fe,8da402f8-94e1-4387-9468-c6b7cfcbf460
151b8761-0606-42e5-8fbb-80e2196143fe,7ebd8830-e505-4ed4-8fff-0a35d306e377
151b8761-0606-42e5-8fbb-80e2196143fe,f5d56393-a959-49db-a83f-82bb293e3f86
151b8761-0606-42e5-8fbb-80e2196143fe,18d709a8-a642-4ddf-9734-5b22c02cfa3e
fd061d74-30ef-4827-8ca7-0591587b6121,f2ccb5c7-cc9a-4776-ba35-df2c9bf7da19
fd061d74-30ef-4827-8ca7-0591587b6121,9749559b-1b4b-483c-897b-96bd1aaa26ec
fd061d74-30ef-4827-8ca7-0591587b6121,f1fe8e4c-494e-42c1-9db0-7ad42a28bfee
fd061d74-30ef-4827-8ca7-0591587b6121,0f6e6b4f-61e7-400f-b8d4-693e399d2b1e
fd061d74-30ef-4827-8ca7-0591587b6121,8da402f8-94e1-4387-9468-c6b7cfcbf460
fd061d74-30ef-4827-8ca7-0591587b6121,21b74ccf-3fa4-4de2-959e-5bed5f5469de
fd061d74-30ef-4827-8ca7-0591587b6121,e0936c15-f17a-41f2-aacb-b91c81107046
fd061d74-30ef-4827-8ca7-0591587b6121,ab70cc29-3c38-4990-aacb-da019ba11dd1
fd061d74-30ef-4827-8ca7-0591587b6121,ec1cbb0d-0975-43de-9aad-33debf9138f9
e7214fd1-4e49-4a46-a09a-93a074d44de6,f383e75c-cee2-4445-88de-922311c86037
e7214fd1-4e49-4a46-a09a-93a074d44de6,e0936c15-f17a-41f2-aacb-b91c81107046
e7214fd1-4e49-4a46-a09a-93a074d44de6,ee6611b2-a656-4c16-b938-ccede9148216
e7214fd1-4e49-4a46-a09a-93a074d44de6,cabab904-8ec4-4d1b-b701-99093a9c8220
e7214fd1-4e49-4a46-a09a-93a074d44de6,0f6e6b4f-61e7-400f-b8d4-693e399d2b1e
e7214fd1-4e49-4a46-a09a-93a074d44de6,83d8df76-37b0-43f9-9f3b-dde96f2ab8c8
e7214fd1-4e49-4a46-a09a-93a074d44de6,c0ac9074-6434-422f-87b6-6cb85e853cb4
e7214fd1-4e49-4a46-a09a-93a074d44de6,a9ce1c00-1b78-4246-82fe-f11c4e17252d
e7214fd1-4e49-4a46-a09a-93a074d44de6,008340ad-18b2-4ed8-9eab-da78f798910d
71479385-155b-4dee-bda2-926cc11fa1be,4220b200-ef4c-485a-8c07-12d57bdf1688
71479385-155b-4dee-bda2-926cc11fa1be,397a895b-3fe7-40a7-847c-ff5cebbceb4c
71479385-155b-4dee-bda2-926cc11fa1be,5c3da6a1-fffd-499f-9a1e-37a1b0706fd4
71479385-155b-4dee-bda2-926cc11fa1be,4c102109-1ee9-43c5-9e88-bacf0e668d0d
71479385-155b-4dee-bda2-926cc11fa1be,5e768450-4ec5-41c9-9096-81edd2c010c3
71479385-155b-4dee-bda2-926cc11fa1be,b5b94f34-17ee-4324-b5aa-377619ec67fc
71479385-155b-4dee-bda2-926cc11fa1be,3f3b0b0f-fcec-4653-a5c7-a7763bae7ec1
19bd7164-52a7-42d5-94ff-6431dd51e32d,c261d725-4f92-4bb5-a150-0da24d7a520b
19bd7164-52a7-42d5-94ff-6431dd51e32d,69a2dbee-7de7-4514-9f3a-4012fea5d5a3
19bd7164-52a7-42d5-94ff-6431dd51e32d,52b53d42-3782-4a61-972f-046752d553cf
19bd7164-52a7-42d5-94ff-6431dd51e32d,f2bea0e2-73c0-4d58-89e4-2d61f59424f5
19bd7164-52a7-42d5-94ff-6431dd51e32d,5c92d401-9ee4-4940-9b73-86fa01228d4a
1005f846-b91d-42bf-9504-5dbfb0035785,8da402f8-94e1-4387-9468-c6b7cfcbf460
1005f846-b91d-42bf-9504-5dbfb0035785,7b9a0da2-f5f9-45d1-9fc4-8e26ed064936
1005f846-b91d-42bf-9504-5dbfb0035785,d0156778-ad53-4edf-8292-2e114234573b
1005f846-b91d-42bf-9504-5dbfb0035785,9266dcfa-f2c0-4ea5-a6d4-303297476cc4
1005f846-b91d-42bf-9504-5dbfb0035785,7bd2d809-c73e-4b12-ad13-398b5a0235f8
1005f846-b91d-42bf-9504-5dbfb0035785,ab70cc29-3c38-4990-aacb-da019ba11dd1
1005f846-b91d-42bf-9504-5dbfb0035785,4c102109-1ee9-43c5-9e88-bacf0e668d0d
1005f846-b91d-42bf-9504-5dbfb0035785,8078633e-f337-40ad-828f-f545c3fb9503
1005f846-b91d-42bf-9504-5dbfb0035785,cb232181-c09f-4dc0-90fe-246ec3a8dad3
1005f846-b91d-42bf-9504-5dbfb0035785,e0936c15-f17a-41f2-aacb-b91c81107046
2106fdc5-09b6-45e0-9193-627563a2a0ae,e2e91854-f8ca-427f-9b32-e18fd2a48498
2106fdc5-09b6-45e0-9193-627563a2a0ae,c261d725-4f92-4bb5-a150-0da24d7a520b
2106fdc5-09b6-45e0-9193-627563a2a0ae,60c5638c-28fa-4b5e-976a-11c6de1ab517
2106fdc5-09b6-45e0-9193-627563a2a0ae,6162fa94-f602-4376-9659-f87433bca77e
2106fdc5-09b6-45e0-9193-627563a2a0ae,cb232181-c09f-4dc0-90fe-246ec3a8dad3
2106fdc5-09b6-45e0-9193-627563a2a0ae,c88c52ba-2534-40e4-8d49-3b0860df4649
2106fdc5-09b6-45e0-9193-627563a2a0ae,7bd2d809-c73e-4b12-ad13-398b5a0235f8
2106fdc5-09b6-45e0-9193-627563a2a0ae,9bd72cef-87e4-4108-a047-e3df0529eee9
2106fdc5-09b6-45e0-9193-627563a2a0ae,f1fe8e4c-494e-42c1-9db0-7ad42a28bfee
0f993b81-020b-4762-a772-623ddb4f16ca,7bd2d809-c73e-4b12-ad13-398b5a0235f8
0f993b81-020b-4762-a772-623ddb4f16ca,1bb34aa2-e426-46e9-a518-d44fb6b419e5
0f993b81-020b-4762-a772-623ddb4f16ca,b224635c-e836-45a3-8d9a-150bcc18b1b7
0f993b81-020b-4762-a772-623ddb4f16ca,9266dcfa-f2c0-4ea5-a6d4-303297476cc4
0f993b81-020b-4762-a772-623ddb4f16ca,d9f3d1c2-309c-417f-9e0f-1d39d62ea314
0f993b81-020b-4762-a772-623ddb4f16ca,5c3da6a1-fffd-499f-9a1e-37a1b0706fd4
0f993b81-020b-4762-a772-623ddb4f16ca,a1fc11e8-6c74-4e1a-95a6-654f4c96bcf8
0f993b81-020b-4762-a772-623ddb4f16ca,0d105985-1449-480f-8a59-a28b1a842f3c
0f993b81-020b-4762-a772-623ddb4f16ca,f383e75c-cee2-4445-88de-922311c86037
7cd66880-5c4e-4e4d-b966-92cb060ac2cc,ec1cbb0d-0975-43de-9aad-33debf9138f9
7cd66880-5c4e-4e4d-b966-92cb060ac2cc,e0936c15-f17a-41f2-aacb-b91c81107046
7cd66880-5c4e-4e4d-b966-92cb060ac2cc,f2bea0e2-73c0-4d58-89e4-2d61f59424f5
7cd66880-5c4e-4e4d-b966-92cb060ac2cc,cabab904-8ec4-4d1b-b701-99093a9c8220
7cd66880-5c4e-4e4d-b966-92cb060ac2cc,7b9a0da2-f5f9-45d1-9fc4-8e26ed064936
28a79883-895d-4ed7-b50b-cba8f7cc0fbb,4f7d0cf6-bf55-4514-9db0-b1f32e09f9ea
28a79883-895d-4ed7-b50b-cba8f7cc0fbb,b224635c-e836-45a3-8d9a-150bcc18b1b7
28a79883-895d-4ed7-b50b-cba8f7cc0fbb,5d6b881a-bcff-4e92-84bc-935578fdb8d9
28a79883-895d-4ed7-b50b-cba8f7cc0fbb,42b87fca-1db3-4666-8eff-f622cd40e0f7
28a79883-895d-4ed7-b50b-cba8f7cc0fbb,afb15d83-77bb-42bc-99dd-bc35ee2fd896
28a79883-895d-4ed7-b50b-cba8f7cc0fbb,5e768450-4ec5-41c9-9096-81edd2c010c3
15f78e6d-8c1b-4759-98bd-4626a52785ea,a1fc11e8-6c74-4e1a-95a6-654f4c96bcf8
15f78e6d-8c1b-4759-98bd-4626a52785ea,52b53d42-3782-4a61-972f-046752d553cf
15f78e6d-8c1b-4759-98bd-4626a52785ea,626c897a-34f6-412e-8f78-9474d056768a
15f78e6d-8c1b-4759-98bd-4626a52785ea,c88c52ba-2534-40e4-8d49-3b0860df4649
15f78e6d-8c1b-4759-98bd-4626a52785ea,f5d56393-a959-49db-a83f-82bb293e3f86
15f78e6d-8c1b-4759-98bd-4626a52785ea,d0156778-ad53-4edf-8292-2e114234573b
15f78e6d-8c1b-4759-98bd-4626a52785ea,5c7fc23a-188d-4a53-9325-21ccef62d808
15f78e6d-8c1b-4759-98bd-4626a52785ea,8d86aff1-8f8d-4c9b-8cb4-306b942e283b
15f78e6d-8c1b-4759-98bd-4626a52785ea,008340ad-18b2-4ed8-9eab-da78f798910d
3ad232c9-a67a-4570-98e1-2e3665befda7,d9f3d1c2-309c-417f-9e0f-1d39d62ea314
3ad232c9-a67a-4570-98e1-2e3665befda7,709364bc-514e-4559-a8ec-ea71468dc891
3ad232c9-a67a-4570-98e1-2e3665befda7,71f878bb-a083-41d8-b81c-8b3b2abf6e9d
3ad232c9-a67a-4570-98e1-2e3665befda7,3f3b0b0f-fcec-4653-a5c7-a7763bae7ec1
3ad232c9-a67a-4570-98e1-2e3665befda7,008340ad-18b2-4ed8-9eab-da78f798910d
3ad232c9-a67a-4570-98e1-2e3665befda7,4c102109-1ee9-43c5-9e88-bacf0e668d0d
3ad232c9-a67a-4570-98e1-2e3665befda7,52b53d42-3782-4a61-972f-046752d553cf
3ad232c9-a67a-4570-98e1-2e3665befda7,a1fc11e8-6c74-4e1a-95a6-654f4c96bcf8
3ad232c9-a67a-4570-98e1-2e3665befda7,5509cd51-1d9d-4dd4-9c7d-c1c943ca903b
3ad232c9-a67a-4570-98e1-2e3665befda7,18d709a8-a642-4ddf-9734-5b22c02cfa3e
1b2bd97a-ebca-4329-a35a-fd5705ad8c0b,ec1cbb0d-0975-43de-9aad-33debf9138f9
1b2bd97a-ebca-4329-a35a-fd5705ad8c0b,9266dcfa-f2c0-4ea5-a6d4-303297476cc4
1b2bd97a-ebca-4329-a35a-fd5705ad8c0b,1b3391c1-2f8b-49f8-a0d1-f876f1ed15f5
1b2bd97a-ebca-4329-a35a-fd5705ad8c0b,88530444-cbec-440d-8f06-bdc74ad46a3f
1b2bd97a-ebca-4329-a35a-fd5705ad8c0b,17015c7b-e74d-4774-afe9-0dd5cb837bed
2cba46e9-a2c0-4254-97b6-b1cfb17b7fda,79d351be-2b19-4c35-8a93-0a426832bc23
2cba46e9-a2c0-4254-97b6-b1cfb17b7fda,17015c7b-e74d-4774-afe9-0dd5cb837bed
2cba46e9-a2c0-4254-97b6-b1cfb17b7fda,4fa170f1-a8b7-4cd3-9e5c-dc513c1fc25f
2cba46e9-a2c0-4254-97b6-b1cfb17b7fda,f2ccb5c7-cc9a-4776-ba35-df2c9bf7da19
2cba46e9-a2c0-4254-97b6-b1cfb17b7fda,e0936c15-f17a-41f2-aacb-b91c81107046
2cba46e9-a2c0-4254-97b6-b1cfb17b7fda,c261d725-4f92-4bb5-a150-0da24d7a520b
2cba46e9-a2c0-4254-97b6-b1cfb17b7fda,ec583eb9-56c3-422a-b34a-fbca1a285766
85b5474a-57d4-4362-baef-8bf4b493de8f,4c102109-1ee9-43c5-9e88-bacf0e668d0d
85b5474a-57d4-4362-baef-8bf4b493de8f,c261d725-4f92-4bb5-a150-0da24d7a520b
85b5474a-57d4-4362-baef-8bf4b493de8f,a1fc11e8-6c74-4e1a-95a6-654f4c96bcf8
85b5474a-57d4-4362-baef-8bf4b493de8f,7bd2d809-c73e-4b12-ad13-398b5a0235f8
85b5474a-57d4-4362-baef-8bf4b493de8f,8ec89983-aa4d-4ef6-83a8-27d7db93eb7c
85b5474a-57d4-4362-baef-8bf4b493de8f,71f878bb-a083-41d8-b81c-8b3b2abf6e9d
85b5474a-57d4-4362-baef-8bf4b493de8f,31d3c9c1-2bca-4db6-8e6e-68a2e079938d
85b5474a-57d4-4362-baef-8bf4b493de8f,166b6140-d29b-441a-80f6-c13ce8e846ed
85b5474a-57d4-4362-baef-8bf4b493de8f,678754a1-100d-4cef-ace6-2d66f80fe67e
4981a66c-c44d-4697-a0ab-2b57db9d4e96,ee6611b2-a656-4c16-b938-ccede9148216
4981a66c-c44d-4697-a0ab-2b57db9d4e96,f1fe8e4c-494e-42c1-9db0-7ad42a28bfee
4981a66c-c44d-4697-a0ab-2b57db9d4e96,1b3391c1-2f8b-49f8-a0d1-f876f1ed15f5
4981a66c-c44d-4697-a0ab-2b57db9d4e96,cabab904-8ec4-4d1b-b701-99093a9c8220
4981a66c-c44d-4697-a0ab-2b57db9d4e96,4fa170f1-a8b7-4cd3-9e5c-dc513c1fc25f
4981a66c-c44d-4697-a0ab-2b57db9d4e96,8da402f8-94e1-4387-9468-c6b7cfcbf460
58d6eb82-86c7-4ddf-832b-d82db5fe19c9,8078633e-f337-40ad-828f-f545c3fb9503
58d6eb82-86c7-4ddf-832b-d82db5fe19c9,79d351be-2b19-4c35-8a93-0a426832bc23
58d6eb82-86c7-4ddf-832b-d82db5fe19c9,a9ce1c00-1b78-4246-82fe-f11c4e17252d
58d6eb82-86c7-4ddf-832b-d82db5fe19c9,18d709a8-a642-4ddf-9734-5b22c02cfa3e
58d6eb82-86c7-4ddf-832b-d82db5fe19c9,008340ad-18b2-4ed8-9eab-da78f798910d
58d6eb82-86c7-4ddf-832b-d82db5fe19c9,0d105985-1449-480f-8a59-a28b1a842f3c
94b3ed98-d68e-4371-b116-16868fe263dc,cb232181-c09f-4dc0-90fe-246ec3a8dad3
94b3ed98-d68e-4371-b116-16868fe263dc,414c6e0a-6b4b-4a47-9424-2589544c0985
94b3ed98-d68e-4371-b116-16868fe263dc,83d8df76-37b0-43f9-9f3b-dde96f2ab8c8
94b3ed98-d68e-4371-b116-16868fe263dc,7698a6b3-c0a2-48aa-af8c-be363a26023e
94b3ed98-d68e-4371-b116-16868fe263dc,008340ad-18b2-4ed8-9eab-da78f798910d
94b3ed98-d68e-4371-b116-16868fe263dc,709364bc-514e-4559-a8ec-ea71468dc891
94b3ed98-d68e-4371-b116-16868fe263dc,f1fe8e4c-494e-42c1-9db0-7ad42a28bfee
94b3ed98-d68e-4371-b116-16868fe263dc,cabab904-8ec4-4d1b-b701-99093a9c8220
94b3ed98-d68e-4371-b116-16868fe263dc,d9f3d1c2-309c-417f-9e0f-1d39d62ea314
94b3ed98-d68e-4371-b116-16868fe263dc,b224635c-e836-45a3-8d9a-150bcc18b1b7
21688c8c-c55e-4693-a02a-6177e855c447,2aa17ede-a10e-407f-8feb-41d0cc54dc7a
21688c8c-c55e-4693-a02a-6177e855c447,d0156778-ad53-4edf-8292-2e114234573b
21688c8c-c55e-4693-a02a-6177e855c447,83d8df76-37b0-43f9-9f3b-dde96f2ab8c8
21688c8c-c55e-4693-a02a-6177e855c447,52b53d42-3782-4a61-972f-046752d553cf
21688c8c-c55e-4693-a02a-6177e855c447,4220b200-ef4c-485a-8c07-12d57bdf1688
21688c8c-c55e-4693-a02a-6177e855c447,ca0aa585-83cd-496f-b04b-5578e131f293
21688c8c-c55e-4693-a02a-6177e855c447,166b6140-d29b-441a-80f6-c13ce8e846ed
21688c8c-c55e-4693-a02a-6177e855c447,c261d725-4f92-4bb5-a150-0da24d7a520b
ed2d7709-9d51-40b7-ba24-1516f3a863f1,397a895b-3fe7-40a7-847c-ff5cebbceb4c
ed2d7709-9d51-40b7-ba24-1516f3a863f1,52b53d42-3782-4a61-972f-046752d553cf
ed2d7709-9d51-40b7-ba24-1516f3a863f1,c0ac9074-6434-422f-87b6-6cb85e853cb4
ed2d7709-9d51-40b7-ba24-1516f3a863f1,c88c52ba-2534-40e4-8d49-3b0860df4649
ed2d7709-9d51-40b7-ba24-1516f3a863f1,4f7d0cf6-bf55-4514-9db0-b1f32e09f9ea
ed2d7709-9d51-40b7-ba24-1516f3a863f1,5ef015e6-ac66-49a6-bc8a-d91c5ea037e3
e2e5d28e-11b6-4d84-9a17-8cffd5e10fd6,70da1e02-29df-4e19-83ca-e0e29d855544
e2e5d28e-11b6-4d84-9a17-8cffd5e10fd6,2aa17ede-a10e-407f-8feb-41d0cc54dc7a
e2e5d28e-11b6-4d84-9a17-8cffd5e10fd6,60c5638c-28fa-4b5e-976a-11c6de1ab517
e2e5d28e-11b6-4d84-9a17-8cffd5e10fd6,18d709a8-a642-4ddf-9734-5b22c02cfa3e
e2e5d28e-11b6-4d84-9a17-8cffd5e10fd6,e0936c15-f17a-41f2-aacb-b91c81107046
e2e5d28e-11b6-4d84-9a17-8cffd5e10fd6,17015c7b-e74d-4774-afe9-0dd5cb837bed
e2e5d28e-11b6-4d84-9a17-8cffd5e10fd6,83d8df76-37b0-43f9-9f3b-dde96f2ab8c8
e2e5d28e-11b6-4d84-9a17-8cffd5e10fd6,ec1cbb0d-0975-43de-9aad-33debf9138f9
27857371-def4-4998-aef0-d423dbc10dbf,ab70cc29-3c38-4990-aacb-da019ba11dd1
27857371-def4-4998-aef0-d423dbc10dbf,1bb34aa2-e426-46e9-a518-d44fb6b419e5
27857371-def4-4998-aef0-d423dbc10dbf,8da402f8-94e1-4387-9468-c6b7cfcbf460
27857371-def4-4998-aef0-d423dbc10dbf,4f7d0cf6-bf55-4514-9db0-b1f32e09f9ea
27857371-def4-4998-aef0-d423dbc10dbf,709364bc-514e-4559-a8ec-ea71468dc891
27857371-def4-4998-aef0-d423dbc10dbf,4220b200-ef4c-485a-8c07-12d57bdf1688
27857371-def4-4998-aef0-d423dbc10dbf,18d709a8-a642-4ddf-9734-5b22c02cfa3e
27857371-def4-4998-aef0-d423dbc10dbf,88530444-cbec-440d-8f06-bdc74ad46a3f
b84905ed-d855-4a2c-aab8-f2e76018d9ac,a1fc11e8-6c74-4e1a-95a6-654f4c96bcf8
b84905ed-d855-4a2c-aab8-f2e76018d9ac,52b53d42-3782-4a61-972f-046752d553cf
b84905ed-d855-4a2c-aab8-f2e76018d9ac,70da1e02-29df-4e19-83ca-e0e29d855544
b84905ed-d855-4a2c-aab8-f2e76018d9ac,ab70cc29-3c38-4990-aacb-da019ba11dd1
b84905ed-d855-4a2c-aab8-f2e76018d9ac,0d105985-1449-480f-8a59-a28b1a842f3c
b84905ed-d855-4a2c-aab8-f2e76018d9ac,c4e88c03-7fef-4d55-b9b9-3a3a79d1ba83
b431e1fd-5549-401d-9976-931d3a3d9501,f5d56393-a959-49db-a83f-82bb293e3f86
b431e1fd-5549-401d-9976-931d3a3d9501,0540f760-856d-455b-b8cc-ea7959723c19
b431e1fd-5549-401d-9976-931d3a3d9501,42b87fca-1db3-4666-8eff-f622cd40e0f7
b431e1fd-5549-401d-9976-931d3a3d9501,3f3b0b0f-fcec-4653-a5c7-a7763bae7ec1
b431e1fd-5549-401d-9976-931d3a3d9501,7b9a0da2-f5f9-45d1-9fc4-8e26ed064936
b431e1fd-5549-401d-9976-931d3a3d9501,7698a6b3-c0a2-48aa-af8c-be363a26023e
b431e1fd-5549-401d-9976-931d3a3d9501,9bd72cef-87e4-4108-a047-e3df0529eee9
b431e1fd-5549-401d-9976-931d3a3d9501,ec91d02e-e3f6-485e-b833-736251b98460
7e7a94ab-f344-45ce-999e-7b3f4f188183,79d351be-2b19-4c35-8a93-0a426832bc23
7e7a94ab-f344-45ce-999e-7b3f4f188183,8078633e-f337-40ad-828f-f545c3fb9503
7e7a94ab-f344-45ce-999e-7b3f4f188183,6162fa94-f602-4376-9659-f87433bca77e
7e7a94ab-f344-45ce-999e-7b3f4f188183,ee6611b2-a656-4c16-b938-ccede9148216
7e7a94ab-f344-45ce-999e-7b3f4f188183,4f7d0cf6-bf55-4514-9db0-b1f32e09f9ea
7e7a94ab-f344-45ce-999e-7b3f4f188183,18d709a8-a642-4ddf-9734-5b22c02cfa3e
7e7a94ab-f344-45ce-999e-7b3f4f188183,5af9acd5-5f52-46f2-b717-01f76a0be253
7e7a94ab-f344-45ce-999e-7b3f4f188183,c261d725-4f92-4bb5-a150-0da24d7a520b
ca436e6f-f767-4f62-8bce-157daaf0c63f,7ebd8830-e505-4ed4-8fff-0a35d306e377
ca436e6f-f767-4f62-8bce-157daaf0c63f,397a895b-3fe7-40a7-847c-ff5cebbceb4c
ca436e6f-f767-4f62-8bce-157daaf0c63f,69a2dbee-7de7-4514-9f3a-4012fea5d5a3
ca436e6f-f767-4f62-8bce-157daaf0c63f,3f3b0b0f-fcec-4653-a5c7-a7763bae7ec1
ca436e6f-f767-4f62-8bce-157daaf0c63f,31d3c9c1-2bca-4db6-8e6e-68a2e079938d
ca436e6f-f767-4f62-8bce-157daaf0c63f,88530444-cbec-440d-8f06-bdc74ad46a3f
ca436e6f-f767-4f62-8bce-157daaf0c63f,0540f760-856d-455b-b8cc-ea7959723c19
ca436e6f-f767-4f62-8bce-157daaf0c63f,8da402f8-94e1-4387-9468-c6b7cfcbf460
ca436e6f-f767-4f62-8bce-157daaf0c63f,1b3391c1-2f8b-49f8-a0d1-f876f1ed15f5
ca436e6f-f767-4f62-8bce-157daaf0c63f,1bb34aa2-e426-46e9-a518-d44fb6b419e5
8e8731cb-7373-49cd-a102-33f8ee18abd1,4c102109-1ee9-43c5-9e88-bacf0e668d0d
8e8731cb-7373-49cd-a102-33f8ee18abd1,87dccb5b-5262-4b27-b292-0f3bc0ea915a
8e8731cb-7373-49cd-a102-33f8ee18abd1,ca0aa585-83cd-496f-b04b-5578e131f293
8e8731cb-7373-49cd-a102-33f8ee18abd1,414c6e0a-6b4b-4a47-9424-2589544c0985
8e8731cb-7373-49cd-a102-33f8ee18abd1,f1fe8e4c-494e-42c1-9db0-7ad42a28bfee
8e8731cb-7373-49cd-a102-33f8ee18abd1,7b9a0da2-f5f9-45d1-9fc4-8e26ed064936
8e8731cb-7373-49cd-a102-33f8ee18abd1,31d3c9c1-2bca-4db6-8e6e-68a2e079938d
8e8731cb-7373-49cd-a102-33f8ee18abd1,5e768450-4ec5-41c9-9096-81edd2c010c3
8e8731cb-7373-49cd-a102-33f8ee18abd1,b5b94f34-17ee-4324-b5aa-377619ec67fc
3419d770-e0d4-4590-b02c-4531e3c70110,709364bc-514e-4559-a8ec-ea71468dc891
3419d770-e0d4-4590-b02c-4531e3c70110,166b6140-d29b-441a-80f6-c13ce8e846ed
3419d770-e0d4-4590-b02c-4531e3c70110,5ef015e6-ac66-49a6-bc8a-d91c5ea037e3
3419d770-e0d4-4590-b02c-4531e3c70110,4c102109-1ee9-43c5-9e88-bacf0e668d0d
3419d770-e0d4-4590-b02c-4531e3c70110,d0156778-ad53-4edf-8292-2e114234573b
3419d770-e0d4-4590-b02c-4531e3c70110,ca0aa585-83cd-496f-b04b-5578e131f293
3419d770-e0d4-4590-b02c-4531e3c70110,8da402f8-94e1-4387-9468-c6b7cfcbf460
3419d770-e0d4-4590-b02c-4531e3c70110,d9f3d1c2-309c-417f-9e0f-1d39d62ea314
a929494c-86aa-4582-a468-56aad030aab2,5c3da6a1-fffd-499f-9a1e-37a1b0706fd4
a929494c-86aa-4582-a468-56aad030aab2,70da1e02-29df-4e19-83ca-e0e29d855544
a929494c-86aa-4582-a468-56aad030aab2,69a2dbee-7de7-4514-9f3a-4012fea5d5a3
a929494c-86aa-4582-a468-56aad030aab2,f2ccb5c7-cc9a-4776-ba35-df2c9bf7da19
a929494c-86aa-4582-a468-56aad030aab2,0f6e6b4f-61e7-400f-b8d4-693e399d2b1e
1a3217ba-b9e3-454b-8b49-c92b25792adc,fb261397-84fc-4182-889b-96de72a6bd80
1a3217ba-b9e3-454b-8b49-c92b25792adc,ab70cc29-3c38-4990-aacb-da019ba11dd1
1a3217ba-b9e3-454b-8b49-c92b25792adc,79d351be-2b19-4c35-8a93-0a426832bc23
1a3217ba-b9e3-454b-8b49-c92b25792adc,71f878bb-a083-41d8-b81c-8b3b2abf6e9d
1a3217ba-b9e3-454b-8b49-c92b25792adc,42b87fca-1db3-4666-8eff-f622cd40e0f7
95a1c6f4-2819-4df5-9762-a79288a860d3,c261d725-4f92-4bb5-a150-0da24d7a520b
95a1c6f4-2819-4df5-9762-a79288a860d3,8078633e-f337-40ad-828f-f545c3fb9503
95a1c6f4-2819-4df5-9762-a79288a860d3,5c92d401-9ee4-4940-9b73-86fa01228d4a
95a1c6f4-2819-4df5-9762-a79288a860d3,9749559b-1b4b-483c-897b-96bd1aaa26ec
95a1c6f4-2819-4df5-9762-a79288a860d3,ec1cbb0d-0975-43de-9aad-33debf9138f9
95a1c6f4-2819-4df5-9762-a79288a860d3,42b87fca-1db3-4666-8eff-f622cd40e0f7
95a1c6f4-2819-4df5-9762-a79288a860d3,69a2dbee-7de7-4514-9f3a-4012fea5d5a3
95a1c6f4-2819-4df5-9762-a79288a860d3,cb232181-c09f-4dc0-90fe-246ec3a8dad3
95a1c6f4-2819-4df5-9762-a79288a860d3,83d8df76-37b0-43f9-9f3b-dde96f2ab8c8
95a1c6f4-2819-4df5-9762-a79288a860d3,3f3b0b0f-fcec-4653-a5c7-a7763bae7ec1
d7ee95ab-4646-4831-8e16-3318ac475fa1,5e768450-4ec5-41c9-9096-81edd2c010c3
d7ee95ab-4646-4831-8e16-3318ac475fa1,9bd72cef-87e4-4108-a047-e3df0529eee9
d7ee95ab-4646-4831-8e16-3318ac475fa1,87dccb5b-5262-4b27-b292-0f3bc0ea915a
d7ee95ab-4646-4831-8e16-3318ac475fa1,71f878bb-a083-41d8-b81c-8b3b2abf6e9d
d7ee95ab-4646-4831-8e16-3318ac475fa1,d0156778-ad53-4edf-8292-2e114234573b
d7ee95ab-4646-4831-8e16-3318ac475fa1,ab70cc29-3c38-4990-aacb-da019ba11dd1
d7ee95ab-4646-4831-8e16-3318ac475fa1,cabab904-8ec4-4d1b-b701-99093a9c8220
47e7f8ca-6f18-4b03-a171-042483bea171,0f6e6b4f-61e7-400f-b8d4-693e399d2b1e
47e7f8ca-6f18-4b03-a171-042483bea171,f2ccb5c7-cc9a-4776-ba35-df2c9bf7da19
47e7f8ca-6f18-4b03-a171-042483bea171,e4430f19-f09d-48c6-a096-1a363146de40
47e7f8ca-6f18-4b03-a171-042483bea171,83d8df76-37b0-43f9-9f3b-dde96f2ab8c8
47e7f8ca-6f18-4b03-a171-042483bea171,5c3da6a1-fffd-499f-9a1e-37a1b0706fd4
47e7f8ca-6f18-4b03-a171-042483bea171,1bb34aa2-e426-46e9-a518-d44fb6b419e5
f208fe65-10ee-4624-92fa-abf85ed5813a,d0156778-ad53-4edf-8292-2e114234573b
f208fe65-10ee-4624-92fa-abf85ed5813a,0f6e6b4f-61e7-400f-b8d4-693e399d2b1e
f208fe65-10ee-4624-92fa-abf85ed5813a,8078633e-f337-40ad-828f-f545c3fb9503
f208fe65-10ee-4624-92fa-abf85ed5813a,cabab904-8ec4-4d1b-b701-99093a9c8220
f208fe65-10ee-4624-92fa-abf85ed5813a,f1fe8e4c-494e-42c1-9db0-7ad42a28bfee
8032fc62-eee9-4631-94b3-6537756011d1,1bb34aa2-e426-46e9-a518-d44fb6b419e5
8032fc62-eee9-4631-94b3-6537756011d1,5ef015e6-ac66-49a6-bc8a-d91c5ea037e3
8032fc62-eee9-4631-94b3-6537756011d1,e0936c15-f17a-41f2-aacb-b91c81107046
8032fc62-eee9-4631-94b3-6537756011d1,4fa170f1-a8b7-4cd3-9e5c-dc513c1fc25f
8032fc62-eee9-4631-94b3-6537756011d1,2aa17ede-a10e-407f-8feb-41d0cc54dc7a
8032fc62-eee9-4631-94b3-6537756011d1,a1fc11e8-6c74-4e1a-95a6-654f4c96bcf8
8032fc62-eee9-4631-94b3-6537756011d1,f1fe8e4c-494e-42c1-9db0-7ad42a28bfee
8032fc62-eee9-4631-94b3-6537756011d1,88530444-cbec-440d-8f06-bdc74ad46a3f
a45879da-d564-4ec6-b4cf-3c4ab5393c74,ec1cbb0d-0975-43de-9aad-33debf9138f9
a45879da-d564-4ec6-b4cf-3c4ab5393c74,5e768450-4ec5-41c9-9096-81edd2c010c3
a45879da-d564-4ec6-b4cf-3c4ab5393c74,cabab904-8ec4-4d1b-b701-99093a9c8220
a45879da-d564-4ec6-b4cf-3c4ab5393c74,9bd72cef-87e4-4108-a047-e3df0529eee9
a45879da-d564-4ec6-b4cf-3c4ab5393c74,60c5638c-28fa-4b5e-976a-11c6de1ab517
a45879da-d564-4ec6-b4cf-3c4ab5393c74,ca0aa585-83cd-496f-b04b-5578e131f293
22ca4376-ad88-41e9-bc20-f44f270765f8,4c102109-1ee9-43c5-9e88-bacf0e668d0d
22ca4376-ad88-41e9-bc20-f44f270765f8,9749559b-1b4b-483c-897b-96bd1aaa26ec
22ca4376-ad88-41e9-bc20-f44f270765f8,1b3391c1-2f8b-49f8-a0d1-f876f1ed15f5
22ca4376-ad88-41e9-bc20-f44f270765f8,c4e88c03-7fef-4d55-b9b9-3a3a79d1ba83
22ca4376-ad88-41e9-bc20-f44f270765f8,58564747-90f7-4053-bf00-599fe78dfa96
22ca4376-ad88-41e9-bc20-f44f270765f8,a1fc11e8-6c74-4e1a-95a6-654f4c96bcf8
22ca4376-ad88-41e9-bc20-f44f270765f8,17015c7b-e74d-4774-afe9-0dd5cb837bed
22ca4376-ad88-41e9-bc20-f44f270765f8,5c3da6a1-fffd-499f-9a1e-37a1b0706fd4
22ca4376-ad88-41e9-bc20-f44f270765f8,2aa17ede-a10e-407f-8feb-41d0cc54dc7a
cc087b88-c5e2-4ebb-b1fb-89dc3fc801e6,7b9a0da2-f5f9-45d1-9fc4-8e26ed064936
cc087b88-c5e2-4ebb-b1fb-89dc3fc801e6,f5d56393-a959-49db-a83f-82bb293e3f86
cc087b88-c5e2-4ebb-b1fb-89dc3fc801e6,678754a1-100d-4cef-ace6-2d66f80fe67e
cc087b88-c5e2-4ebb-b1fb-89dc3fc801e6,9bd72cef-87e4-4108-a047-e3df0529eee9
cc087b88-c5e2-4ebb-b1fb-89dc3fc801e6,414c6e0a-6b4b-4a47-9424-2589544c0985
cc087b88-c5e2-4ebb-b1fb-89dc3fc801e6,0d105985-1449-480f-8a59-a28b1a842f3c
cc087b88-c5e2-4ebb-b1fb-89dc3fc801e6,0f6e6b4f-61e7-400f-b8d4-693e399d2b1e
cc087b88-c5e2-4ebb-b1fb-89dc3fc801e6,d0156778-ad53-4edf-8292-2e114234573b
cc087b88-c5e2-4ebb-b1fb-89dc3fc801e6,f2bea0e2-73c0-4d58-89e4-2d61f59424f5
cc087b88-c5e2-4ebb-b1fb-89dc3fc801e6,8da402f8-94e1-4387-9468-c6b7cfcbf460
df6d8804-120f-4645-8251-ea67c4706fc3,c261d725-4f92-4bb5-a150-0da24d7a520b
df6d8804-120f-4645-8251-ea67c4706fc3,5c3da6a1-fffd-499f-9a1e-37a1b0706fd4
df6d8804-120f-4645-8251-ea67c4706fc3,17015c7b-e74d-4774-afe9-0dd5cb837bed
df6d8804-120f-4645-8251-ea67c4706fc3,87dccb5b-5262-4b27-b292-0f3bc0ea915a
df6d8804-120f-4645-8251-ea67c4706fc3,83d8df76-37b0-43f9-9f3b-dde96f2ab8c8
df6d8804-120f-4645-8251-ea67c4706fc3,e2e91854-f8ca-427f-9b32-e18fd2a48498
df6d8804-120f-4645-8251-ea67c4706fc3,5509cd51-1d9d-4dd4-9c7d-c1c943ca903b
df6d8804-120f-4645-8251-ea67c4706fc3,5af9acd5-5f52-46f2-b717-01f76a0be253
d391a684-4796-4354-9909-9ed06e3f13dc,b224635c-e836-45a3-8d9a-150bcc18b1b7
d391a684-4796-4354-9909-9ed06e3f13dc,678754a1-100d-4cef-ace6-2d66f80fe67e
d391a684-4796-4354-9909-9ed06e3f13dc,87dccb5b-5262-4b27-b292-0f3bc0ea915a
d391a684-4796-4354-9909-9ed06e3f13dc,83d8df76-37b0-43f9-9f3b-dde96f2ab8c8
d391a684-4796-4354-9909-9ed06e3f13dc,cabab904-8ec4-4d1b-b701-99093a9c8220
d391a684-4796-4354-9909-9ed06e3f13dc,52b53d42-3782-4a61-972f-046752d553cf
d391a684-4796-4354-9909-9ed06e3f13dc,f2bea0e2-73c0-4d58-89e4-2d61f59424f5
d391a684-4796-4354-9909-9ed06e3f13dc,4f7d0cf6-bf55-4514-9db0-b1f32e09f9ea
13482ffd-b21f-4251-ad36-7c64dece7822,60c5638c-28fa-4b5e-976a-11c6de1ab517
13482ffd-b21f-4251-ad36-7c64dece7822,f383e75c-cee2-4445-88de-922311c86037
13482ffd-b21f-4251-ad36-7c64dece7822,88530444-cbec-440d-8f06-bdc74ad46a3f
13482ffd-b21f-4251-ad36-7c64dece7822,f2ccb5c7-cc9a-4776-ba35-df2c9bf7da19
13482ffd-b21f-4251-ad36-7c64dece7822,414c6e0a-6b4b-4a47-9424-2589544c0985
13482ffd-b21f-4251-ad36-7c64dece7822,1bb34aa2-e426-46e9-a518-d44fb6b419e5
13482ffd-b21f-4251-ad36-7c64dece7822,18d709a8-a642-4ddf-9734-5b22c02cfa3e
6763c93a-b438-48e5-be1d-c838658edbb8,87dccb5b-5262-4b27-b292-0f3bc0ea915a
6763c93a-b438-48e5-be1d-c838658edbb8,5ef015e6-ac66-49a6-bc8a-d91c5ea037e3
6763c93a-b438-48e5-be1d-c838658edbb8,9266dcfa-f2c0-4ea5-a6d4-303297476cc4
6763c93a-b438-48e5-be1d-c838658edbb8,5c7fc23a-188d-4a53-9325-21ccef62d808
6763c93a-b438-48e5-be1d-c838658edbb8,b5b94f34-17ee-4324-b5aa-377619ec67fc
6763c93a-b438-48e5-be1d-c838658edbb8,8ec89983-aa4d-4ef6-83a8-27d7db93eb7c
6763c93a-b438-48e5-be1d-c838658edbb8,9749559b-1b4b-483c-897b-96bd1aaa26ec
6763c93a-b438-48e5-be1d-c838658edbb8,8cf37f89-0b9b-409f-9c1c-e0db03666966
6763c93a-b438-48e5-be1d-c838658edbb8,5509cd51-1d9d-4dd4-9c7d-c1c943ca903b
c882a0e7-d465-45cc-89ce-d50fb90429e1,58564747-90f7-4053-bf00-599fe78dfa96
c882a0e7-d465-45cc-89ce-d50fb90429e1,166b6140-d29b-441a-80f6-c13ce8e846ed
c882a0e7-d465-45cc-89ce-d50fb90429e1,69a2dbee-7de7-4514-9f3a-4012fea5d5a3
c882a0e7-d465-45cc-89ce-d50fb90429e1,709364bc-514e-4559-a8ec-ea71468dc891
c882a0e7-d465-45cc-89ce-d50fb90429e1,626c897a-34f6-412e-8f78-9474d056768a
c882a0e7-d465-45cc-89ce-d50fb90429e1,87dccb5b-5262-4b27-b292-0f3bc0ea915a
c882a0e7-d465-45cc-89ce-d50fb90429e1,ca0aa585-83cd-496f-b04b-5578e131f293
c882a0e7-d465-45cc-89ce-d50fb90429e1,4c102109-1ee9-43c5-9e88-bacf0e668d0d
861313ba-292d-45ba-bc1d-841a0c40b46b,7ebd8830-e505-4ed4-8fff-0a35d306e377
861313ba-292d-45ba-bc1d-841a0c40b46b,c261d725-4f92-4bb5-a150-0da24d7a520b
861313ba-292d-45ba-bc1d-841a0c40b46b,9bd72cef-87e4-4108-a047-e3df0529eee9
861313ba-292d-45ba-bc1d-841a0c40b46b,0d105985-1449-480f-8a59-a28b1a842f3c
861313ba-292d-45ba-bc1d-841a0c40b46b,ca0aa585-83cd-496f-b04b-5578e131f293
861313ba-292d-45ba-bc1d-841a0c40b46b,e2e91854-f8ca-427f-9b32-e18fd2a48498
861313ba-292d-45ba-bc1d-841a0c40b46b,f5d56393-a959-49db-a83f-82bb293e3f86
861313ba-292d-45ba-bc1d-841a0c40b46b,7b9a0da2-f5f9-45d1-9fc4-8e26ed064936
861313ba-292d-45ba-bc1d-841a0c40b46b,9749559b-1b4b-483c-897b-96bd1aaa26ec
861313ba-292d-45ba-bc1d-841a0c40b46b,8d86aff1-8f8d-4c9b-8cb4-306b942e283b
1e0447f6-2e6c-4573-a904-5c4325df9408,9749559b-1b4b-483c-897b-96bd1aaa26ec
1e0447f6-2e6c-4573-a904-5c4325df9408,166b6140-d29b-441a-80f6-c13ce8e846ed
1e0447f6-2e6c-4573-a904-5c4325df9408,42b87fca-1db3-4666-8eff-f622cd40e0f7
1e0447f6-2e6c-4573-a904-5c4325df9408,8d86aff1-8f8d-4c9b-8cb4-306b942e283b
1e0447f6-2e6c-4573-a904-5c4325df9408,c261d725-4f92-4bb5-a150-0da24d7a520b
1e0447f6-2e6c-4573-a904-5c4325df9408,4fa170f1-a8b7-4cd3-9e5c-dc513c1fc25f
1e0447f6-2e6c-4573-a904-5c4325df9408,8da402f8-94e1-4387-9468-c6b7cfcbf460
1e0447f6-2e6c-4573-a904-5c4325df9408,e4430f19-f09d-48c6-a096-1a363146de40
a0cf0f43-62ab-4c26-8265-dbbbd4720457,a1fc11e8-6c74-4e1a-95a6-654f4c96bcf8
a0cf0f43-62ab-4c26-8265-dbbbd4720457,52b53d42-3782-4a61-972f-046752d553cf
a0cf0f43-62ab-4c26-8265-dbbbd4720457,c88c52ba-2534-40e4-8d49-3b0860df4649
a0cf0f43-62ab-4c26-8265-dbbbd4720457,5c3da6a1-fffd-499f-9a1e-37a1b0706fd4
a0cf0f43-62ab-4c26-8265-dbbbd4720457,afb15d83-77bb-42bc-99dd-bc35ee2fd896
a0cf0f43-62ab-4c26-8265-dbbbd4720457,87dccb5b-5262-4b27-b292-0f3bc0ea915a
a0cf0f43-62ab-4c26-8265-dbbbd4720457,ec1cbb0d-0975-43de-9aad-33debf9138f9
d33f718d-97b6-4d42-adc1-856b31ded5b4,52b53d42-3782-4a61-972f-046752d553cf
d33f718d-97b6-4d42-adc1-856b31ded5b4,f383e75c-cee2-4445-88de-922311c86037
d33f718d-97b6-4d42-adc1-856b31ded5b4,87dccb5b-5262-4b27-b292-0f3bc0ea915a
d33f718d-97b6-4d42-adc1-856b31ded5b4,31d3c9c1-2bca-4db6-8e6e-68a2e079938d
d33f718d-97b6-4d42-adc1-856b31ded5b4,0d105985-1449-480f-8a59-a28b1a842f3c
d33f718d-97b6-4d42-adc1-856b31ded5b4,ec1cbb0d-0975-43de-9aad-33debf9138f9
d33f718d-97b6-4d42-adc1-856b31ded5b4,ca0aa585-83cd-496f-b04b-5578e131f293
accbab95-20f1-4c0a-8565-c6c7bf51f209,b224635c-e836-45a3-8d9a-150bcc18b1b7
accbab95-20f1-4c0a-8565-c6c7bf51f209,d9f3d1c2-309c-417f-9e0f-1d39d62ea314
accbab95-20f1-4c0a-8565-c6c7bf51f209,79d351be-2b19-4c35-8a93-0a426832bc23
accbab95-20f1-4c0a-8565-c6c7bf51f209,0d105985-1449-480f-8a59-a28b1a842f3c
accbab95-20f1-4c0a-8565-c6c7bf51f209,a1fc11e8-6c74-4e1a-95a6-654f4c96bcf8
accbab95-20f1-4c0a-8565-c6c7bf51f209,ca0aa585-83cd-496f-b04b-5578e131f293
accbab95-20f1-4c0a-8565-c6c7bf51f209,ec583eb9-56c3-422a-b34a-fbca1a285766
accbab95-20f1-4c0a-8565-c6c7bf51f209,87dccb5b-5262-4b27-b292-0f3bc0ea915a
accbab95-20f1-4c0a-8565-c6c7bf51f209,7b9a0da2-f5f9-45d1-9fc4-8e26ed064936
accbab95-20f1-4c0a-8565-c6c7bf51f209,cabab904-8ec4-4d1b-b701-99093a9c8220
5dc572d1-0cf6-49bc-82db-cca1cec41bdc,9bd72cef-87e4-4108-a047-e3df0529eee9
5dc572d1-0cf6-49bc-82db-cca1cec41bdc,5509cd51-1d9d-4dd4-9c7d-c1c943ca903b
5dc572d1-0cf6-49bc-82db-cca1cec41bdc,17015c7b-e74d-4774-afe9-0dd5cb837bed
5dc572d1-0cf6-49bc-82db-cca1cec41bdc,70da1e02-29df-4e19-83ca-e0e29d855544
5dc572d1-0cf6-49bc-82db-cca1cec41bdc,18d709a8-a642-4ddf-9734-5b22c02cfa3e
5dc572d1-0cf6-49bc-82db-cca1cec41bdc,f2ccb5c7-cc9a-4776-ba35-df2c9bf7da19
5dc572d1-0cf6-49bc-82db-cca1cec41bdc,4f7d0cf6-bf55-4514-9db0-b1f32e09f9ea
5dc572d1-0cf6-49bc-82db-cca1cec41bdc,42b87fca-1db3-4666-8eff-f622cd40e0f7
0635c0f9-a180-476d-b81a-d65da19c78f3,afb15d83-77bb-42bc-99dd-bc35ee2fd896
0635c0f9-a180-476d-b81a-d65da19c78f3,9266dcfa-f2c0-4ea5-a6d4-303297476cc4
0635c0f9-a180-476d-b81a-d65da19c78f3,f383e75c-cee2-4445-88de-922311c86037
0635c0f9-a180-476d-b81a-d65da19c78f3,008340ad-18b2-4ed8-9eab-da78f798910d
0635c0f9-a180-476d-b81a-d65da19c78f3,5d6b881a-bcff-4e92-84bc-935578fdb8d9
0635c0f9-a180-476d-b81a-d65da19c78f3,71f878bb-a083-41d8-b81c-8b3b2abf6e9d
e4d8c7fb-aa64-4add-baad-53edc016a012,5ef015e6-ac66-49a6-bc8a-d91c5ea037e3
e4d8c7fb-aa64-4add-baad-53edc016a012,5d6b881a-bcff-4e92-84bc-935578fdb8d9
e4d8c7fb-aa64-4add-baad-53edc016a012,b5b94f34-17ee-4324-b5aa-377619ec67fc
e4d8c7fb-aa64-4add-baad-53edc016a012,cabab904-8ec4-4d1b-b701-99093a9c8220
e4d8c7fb-aa64-4add-baad-53edc016a012,87dccb5b-5262-4b27-b292-0f3bc0ea915a
e4d8c7fb-aa64-4add-baad-53edc016a012,88530444-cbec-440d-8f06-bdc74ad46a3f
e4d8c7fb-aa64-4add-baad-53edc016a012,9bd72cef-87e4-4108-a047-e3df0529eee9
308a0528-eae0-4450-b8ea-cd77a428a371,e2e91854-f8ca-427f-9b32-e18fd2a48498
308a0528-eae0-4450-b8ea-cd77a428a371,2aa17ede-a10e-407f-8feb-41d0cc54dc7a
308a0528-eae0-4450-b8ea-cd77a428a371,21b74ccf-3fa4-4de2-959e-5bed5f5469de
308a0528-eae0-4450-b8ea-cd77a428a371,9749559b-1b4b-483c-897b-96bd1aaa26ec
308a0528-eae0-4450-b8ea-cd77a428a371,414c6e0a-6b4b-4a47-9424-2589544c0985
308a0528-eae0-4450-b8ea-cd77a428a371,ec583eb9-56c3-422a-b34a-fbca1a285766
308a0528-eae0-4450-b8ea-cd77a428a371,709364bc-514e-4559-a8ec-ea71468dc891
308a0528-eae0-4450-b8ea-cd77a428a371,83d8df76-37b0-43f9-9f3b-dde96f2ab8c8
24e6327b-5650-473d-9ec7-3ec0316cda54,b5b94f34-17ee-4324-b5aa-377619ec67fc
24e6327b-5650-473d-9ec7-3ec0316cda54,79d351be-2b19-4c35-8a93-0a426832bc23
24e6327b-5650-473d-9ec7-3ec0316cda54,5af9acd5-5f52-46f2-b717-01f76a0be253
24e6327b-5650-473d-9ec7-3ec0316cda54,0540f760-856d-455b-b8cc-ea7959723c19
24e6327b-5650-473d-9ec7-3ec0316cda54,7698a6b3-c0a2-48aa-af8c-be363a26023e
24e6327b-5650-473d-9ec7-3ec0316cda54,8078633e-f337-40ad-828f-f545c3fb9503
24e6327b-5650-473d-9ec7-3ec0316cda54,cabab904-8ec4-4d1b-b701-99093a9c8220
24e6327b-5650-473d-9ec7-3ec0316cda54,c261d725-4f92-4bb5-a150-0da24d7a520b
24e6327b-5650-473d-9ec7-3ec0316cda54,c88c52ba-2534-40e4-8d49-3b0860df4649
0db50f0e-3cc8-4d1c-9051-6e89cd39c5a0,678754a1-100d-4cef-ace6-2d66f80fe67e
0db50f0e-3cc8-4d1c-9051-6e89cd39c5a0,f2ccb5c7-cc9a-4776-ba35-df2c9bf7da19
0db50f0e-3cc8-4d1c-9051-6e89cd39c5a0,21b74ccf-3fa4-4de2-959e-5bed5f5469de
0db50f0e-3cc8-4d1c-9051-6e89cd39c5a0,e2e91854-f8ca-427f-9b32-e18fd2a48498
0db50f0e-3cc8-4d1c-9051-6e89cd39c5a0,7ebd8830-e505-4ed4-8fff-0a35d306e377
0db50f0e-3cc8-4d1c-9051-6e89cd39c5a0,1bb34aa2-e426-46e9-a518-d44fb6b419e5
0db50f0e-3cc8-4d1c-9051-6e89cd39c5a0,a1fc11e8-6c74-4e1a-95a6-654f4c96bcf8
e5937b13-956c-4aff-9d64-73e180a77f99,4c102109-1ee9-43c5-9e88-bacf0e668d0d
e5937b13-956c-4aff-9d64-73e180a77f99,5c3da6a1-fffd-499f-9a1e-37a1b0706fd4
e5937b13-956c-4aff-9d64-73e180a77f99,21b74ccf-3fa4-4de2-959e-5bed5f5469de
e5937b13-956c-4aff-9d64-73e180a77f99,7ebd8830-e505-4ed4-8fff-0a35d306e377
e5937b13-956c-4aff-9d64-73e180a77f99,71f878bb-a083-41d8-b81c-8b3b2abf6e9d
e5937b13-956c-4aff-9d64-73e180a77f99,3f3b0b0f-fcec-4653-a5c7-a7763bae7ec1
e5937b13-956c-4aff-9d64-73e180a77f99,0d105985-1449-480f-8a59-a28b1a842f3c
e5937b13-956c-4aff-9d64-73e180a77f99,4fa170f1-a8b7-4cd3-9e5c-dc513c1fc25f
e5937b13-956c-4aff-9d64-73e180a77f99,5e768450-4ec5-41c9-9096-81edd2c010c3
e5937b13-956c-4aff-9d64-73e180a77f99,e0936c15-f17a-41f2-aacb-b91c81107046
23a139f0-289c-4567-a7a6-024134aa3f1a,5c92d401-9ee4-4940-9b73-86fa01228d4a
23a139f0-289c-4567-a7a6-024134aa3f1a,3f3b0b0f-fcec-4653-a5c7-a7763bae7ec1
23a139f0-289c-4567-a7a6-024134aa3f1a,8078633e-f337-40ad-828f-f545c3fb9503
23a139f0-289c-4567-a7a6-024134aa3f1a,fb261397-84fc-4182-889b-96de72a6bd80
23a139f0-289c-4567-a7a6-024134aa3f1a,31d3c9c1-2bca-4db6-8e6e-68a2e079938d
23a139f0-289c-4567-a7a6-024134aa3f1a,b224635c-e836-45a3-8d9a-150bcc18b1b7
6dea04ef-eec2-44aa-a595-919f9af3e6fb,c88c52ba-2534-40e4-8d49-3b0860df4649
6dea04ef-eec2-44aa-a595-919f9af3e6fb,d0156778-ad53-4edf-8292-2e114234573b
6dea04ef-eec2-44aa-a595-919f9af3e6fb,3f3b0b0f-fcec-4653-a5c7-a7763bae7ec1
6dea04ef-eec2-44aa-a595-919f9af3e6fb,52b53d42-3782-4a61-972f-046752d553cf
6dea04ef-eec2-44aa-a595-919f9af3e6fb,e0936c15-f17a-41f2-aacb-b91c81107046
e92bddb8-9b20-40bf-8fc3-811659707d7b,2aa17ede-a10e-407f-8feb-41d0cc54dc7a
e92bddb8-9b20-40bf-8fc3-811659707d7b,414c6e0a-6b4b-4a47-9424-2589544c0985
e92bddb8-9b20-40bf-8fc3-811659707d7b,ec91d02e-e3f6-485e-b833-736251b98460
e92bddb8-9b20-40bf-8fc3-811659707d7b,8078633e-f337-40ad-828f-f545c3fb9503
e92bddb8-9b20-40bf-8fc3-811659707d7b,f5d56393-a959-49db-a83f-82bb293e3f86
e92bddb8-9b20-40bf-8fc3-811659707d7b,8d86aff1-8f8d-4c9b-8cb4-306b942e283b
e92bddb8-9b20-40bf-8fc3-811659707d7b,a1fc11e8-6c74-4e1a-95a6-654f4c96bcf8
e92bddb8-9b20-40bf-8fc3-811659707d7b,1bb34aa2-e426-46e9-a518-d44fb6b419e5
e92bddb8-9b20-40bf-8fc3-811659707d7b,fb261397-84fc-4182-889b-96de72a6bd80
e92bddb8-9b20-40bf-8fc3-811659707d7b,7ebd8830-e505-4ed4-8fff-0a35d306e377
9f564c7e-a66a-4d60-93ff-566634c0d9eb,c261d725-4f92-4bb5-a150-0da24d7a520b
9f564c7e-a66a-4d60-93ff-566634c0d9eb,60c5638c-28fa-4b5e-976a-11c6de1ab517
9f564c7e-a66a-4d60-93ff-566634c0d9eb,0540f760-856d-455b-b8cc-ea7959723c19
9f564c7e-a66a-4d60-93ff-566634c0d9eb,b463be3b-0e4f-4256-8702-6af84474bb96
9f564c7e-a66a-4d60-93ff-566634c0d9eb,ec583eb9-56c3-422a-b34a-fbca1a285766
9f564c7e-a66a-4d60-93ff-566634c0d9eb,fb261397-84fc-4182-889b-96de72a6bd80
9f564c7e-a66a-4d60-93ff-566634c0d9eb,c4e88c03-7fef-4d55-b9b9-3a3a79d1ba83
e1850e4b-e020-4b6c-a7e4-722c7433166f,7ebd8830-e505-4ed4-8fff-0a35d306e377
e1850e4b-e020-4b6c-a7e4-722c7433166f,f2ccb5c7-cc9a-4776-ba35-df2c9bf7da19
e1850e4b-e020-4b6c-a7e4-722c7433166f,a9ce1c00-1b78-4246-82fe-f11c4e17252d
e1850e4b-e020-4b6c-a7e4-722c7433166f,f1fe8e4c-494e-42c1-9db0-7ad42a28bfee
e1850e4b-e020-4b6c-a7e4-722c7433166f,5509cd51-1d9d-4dd4-9c7d-c1c943ca903b
e1850e4b-e020-4b6c-a7e4-722c7433166f,b463be3b-0e4f-4256-8702-6af84474bb96
e1850e4b-e020-4b6c-a7e4-722c7433166f,69a2dbee-7de7-4514-9f3a-4012fea5d5a3
87832d28-254a-4a0b-8370-c6214e199fb5,c88c52ba-2534-40e4-8d49-3b0860df4649
87832d28-254a-4a0b-8370-c6214e199fb5,ec91d02e-e3f6-485e-b833-736251b98460
87832d28-254a-4a0b-8370-c6214e199fb5,4220b200-ef4c-485a-8c07-12d57bdf1688
87832d28-254a-4a0b-8370-c6214e199fb5,e4430f19-f09d-48c6-a096-1a363146de40
87832d28-254a-4a0b-8370-c6214e199fb5,83d8df76-37b0-43f9-9f3b-dde96f2ab8c8
87832d28-254a-4a0b-8370-c6214e199fb5,5af9acd5-5f52-46f2-b717-01f76a0be253
87832d28-254a-4a0b-8370-c6214e199fb5,8078633e-f337-40ad-828f-f545c3fb9503
87832d28-254a-4a0b-8370-c6214e199fb5,b224635c-e836-45a3-8d9a-150bcc18b1b7
87832d28-254a-4a0b-8370-c6214e199fb5,18d709a8-a642-4ddf-9734-5b22c02cfa3e
87832d28-254a-4a0b-8370-c6214e199fb5,f383e75c-cee2-4445-88de-922311c86037
59a4179c-895b-4b1f-a90f-fc9f78b93986,5509cd51-1d9d-4dd4-9c7d-c1c943ca903b
59a4179c-895b-4b1f-a90f-fc9f78b93986,70da1e02-29df-4e19-83ca-e0e29d855544
59a4179c-895b-4b1f-a90f-fc9f78b93986,5ef015e6-ac66-49a6-bc8a-d91c5ea037e3
59a4179c-895b-4b1f-a90f-fc9f78b93986,ca0aa585-83cd-496f-b04b-5578e131f293
59a4179c-895b-4b1f-a90f-fc9f78b93986,3f3b0b0f-fcec-4653-a5c7-a7763bae7ec1
59a4179c-895b-4b1f-a90f-fc9f78b93986,7b9a0da2-f5f9-45d1-9fc4-8e26ed064936
a4cd57c2-81a3-46b2-b810-24da3c624c5e,4220b200-ef4c-485a-8c07-12d57bdf1688
a4cd57c2-81a3-46b2-b810-24da3c624c5e,ec91d02e-e3f6-485e-b833-736251b98460
a4cd57c2-81a3-46b2-b810-24da3c624c5e,414c6e0a-6b4b-4a47-9424-2589544c0985
a4cd57c2-81a3-46b2-b810-24da3c624c5e,70da1e02-29df-4e19-83ca-e0e29d855544
a4cd57c2-81a3-46b2-b810-24da3c624c5e,d9f3d1c2-309c-417f-9e0f-1d39d62ea314
a4cd57c2-81a3-46b2-b810-24da3c624c5e,60c5638c-28fa-4b5e-976a-11c6de1ab517
a4cd57c2-81a3-46b2-b810-24da3c624c5e,7b9a0da2-f5f9-45d1-9fc4-8e26ed064936
64d1fa26-affe-4674-a3f2-1b764311280f,7ebd8830-e505-4ed4-8fff-0a35d306e377
64d1fa26-affe-4674-a3f2-1b764311280f,83d8df76-37b0-43f9-9f3b-dde96f2ab8c8
64d1fa26-affe-4674-a3f2-1b764311280f,e4430f19-f09d-48c6-a096-1a363146de40
64d1fa26-affe-4674-a3f2-1b764311280f,e2e91854-f8ca-427f-9b32-e18fd2a48498
64d1fa26-affe-4674-a3f2-1b764311280f,afb15d83-77bb-42bc-99dd-bc35ee2fd896
64d1fa26-affe-4674-a3f2-1b764311280f,cb232181-c09f-4dc0-90fe-246ec3a8dad3
64d1fa26-affe-4674-a3f2-1b764311280f,709364bc-514e-4559-a8ec-ea71468dc891
64d1fa26-affe-4674-a3f2-1b764311280f,8ec89983-aa4d-4ef6-83a8-27d7db93eb7c
64d1fa26-affe-4674-a3f2-1b764311280f,1b3391c1-2f8b-49f8-a0d1-f876f1ed15f5
64d1fa26-affe-4674-a3f2-1b764311280f,414c6e0a-6b4b-4a47-9424-2589544c0985
1c3716c5-cdb6-4114-852d-9c8cbbc10bc9,5e768450-4ec5-41c9-9096-81edd2c010c3
1c3716c5-cdb6-4114-852d-9c8cbbc10bc9,18d709a8-a642-4ddf-9734-5b22c02cfa3e
1c3716c5-cdb6-4114-852d-9c8cbbc10bc9,21b74ccf-3fa4-4de2-959e-5bed5f5469de
1c3716c5-cdb6-4114-852d-9c8cbbc10bc9,8da402f8-94e1-4387-9468-c6b7cfcbf460
1c3716c5-cdb6-4114-852d-9c8cbbc10bc9,5d6b881a-bcff-4e92-84bc-935578fdb8d9
1c3716c5-cdb6-4114-852d-9c8cbbc10bc9,c88c52ba-2534-40e4-8d49-3b0860df4649
1c3716c5-cdb6-4114-852d-9c8cbbc10bc9,c261d725-4f92-4bb5-a150-0da24d7a520b
b9892311-8eb8-4a7d-aa9e-dc2ee8c98140,414c6e0a-6b4b-4a47-9424-2589544c0985
b9892311-8eb8-4a7d-aa9e-dc2ee8c98140,69a2dbee-7de7-4514-9f3a-4012fea5d5a3
b9892311-8eb8-4a7d-aa9e-dc2ee8c98140,a9ce1c00-1b78-4246-82fe-f11c4e17252d
b9892311-8eb8-4a7d-aa9e-dc2ee8c98140,d0156778-ad53-4edf-8292-2e114234573b
b9892311-8eb8-4a7d-aa9e-dc2ee8c98140,5af9acd5-5f52-46f2-b717-01f76a0be253
b9892311-8eb8-4a7d-aa9e-dc2ee8c98140,1b3391c1-2f8b-49f8-a0d1-f876f1ed15f5
b9892311-8eb8-4a7d-aa9e-dc2ee8c98140,6162fa94-f602-4376-9659-f87433bca77e
a34ab40e-8c11-441d-be43-d846385d5a41,18d709a8-a642-4ddf-9734-5b22c02cfa3e
a34ab40e-8c11-441d-be43-d846385d5a41,9bd72cef-87e4-4108-a047-e3df0529eee9
a34ab40e-8c11-441d-be43-d846385d5a41,f2bea0e2-73c0-4d58-89e4-2d61f59424f5
a34ab40e-8c11-441d-be43-d846385d5a41,1bb34aa2-e426-46e9-a518-d44fb6b419e5
a34ab40e-8c11-441d-be43-d846385d5a41,5c92d401-9ee4-4940-9b73-86fa01228d4a
a34ab40e-8c11-441d-be43-d846385d5a41,b463be3b-0e4f-4256-8702-6af84474bb96
a34ab40e-8c11-441d-be43-d846385d5a41,70da1e02-29df-4e19-83ca-e0e29d855544
a34ab40e-8c11-441d-be43-d846385d5a41,afb15d83-77bb-42bc-99dd-bc35ee2fd896
cdf85e4e-d8ea-48f4-9d69-91457c8ab733,4c102109-1ee9-43c5-9e88-bacf0e668d0d
cdf85e4e-d8ea-48f4-9d69-91457c8ab733,008340ad-18b2-4ed8-9eab-da78f798910d
cdf85e4e-d8ea-48f4-9d69-91457c8ab733,fb261397-84fc-4182-889b-96de72a6bd80
cdf85e4e-d8ea-48f4-9d69-91457c8ab733,6162fa94-f602-4376-9659-f87433bca77e
cdf85e4e-d8ea-48f4-9d69-91457c8ab733,414c6e0a-6b4b-4a47-9424-2589544c0985
cdf85e4e-d8ea-48f4-9d69-91457c8ab733,9266dcfa-f2c0-4ea5-a6d4-303297476cc4
ba9ffade-87a7-4c05-8af7-99015913bd31,6162fa94-f602-4376-9659-f87433bca77e
ba9ffade-87a7-4c05-8af7-99015913bd31,ee6611b2-a656-4c16-b938-ccede9148216
ba9ffade-87a7-4c05-8af7-99015913bd31,5c3da6a1-fffd-499f-9a1e-37a1b0706fd4
ba9ffade-87a7-4c05-8af7-99015913bd31,5c7fc23a-188d-4a53-9325-21ccef62d808
ba9ffade-87a7-4c05-8af7-99015913bd31,3f3b0b0f-fcec-4653-a5c7-a7763bae7ec1
ba9ffade-87a7-4c05-8af7-99015913bd31,afb15d83-77bb-42bc-99dd-bc35ee2fd896
6ab98b24-33c9-46b7-84d1-7e53730592bf,8da402f8-94e1-4387-9468-c6b7cfcbf460
6ab98b24-33c9-46b7-84d1-7e53730592bf,ec1cbb0d-0975-43de-9aad-33debf9138f9
6ab98b24-33c9-46b7-84d1-7e53730592bf,58564747-90f7-4053-bf00-599fe78dfa96
6ab98b24-33c9-46b7-84d1-7e53730592bf,397a895b-3fe7-40a7-847c-ff5cebbceb4c
6ab98b24-33c9-46b7-84d1-7e53730592bf,e0936c15-f17a-41f2-aacb-b91c81107046
6ab98b24-33c9-46b7-84d1-7e53730592bf,69a2dbee-7de7-4514-9f3a-4012fea5d5a3
6ab98b24-33c9-46b7-84d1-7e53730592bf,b224635c-e836-45a3-8d9a-150bcc18b1b7
6ab98b24-33c9-46b7-84d1-7e53730592bf,cb232181-c09f-4dc0-90fe-246ec3a8dad3
6ab98b24-33c9-46b7-84d1-7e53730592bf,5509cd51-1d9d-4dd4-9c7d-c1c943ca903b
480779f0-5692-4c60-918f-b1ec322a67dd,5af9acd5-5f52-46f2-b717-01f76a0be253
480779f0-5692-4c60-918f-b1ec322a67dd,e0936c15-f17a-41f2-aacb-b91c81107046
480779f0-5692-4c60-918f-b1ec322a67dd,18d709a8-a642-4ddf-9734-5b22c02cfa3e
480779f0-5692-4c60-918f-b1ec322a67dd,8da402f8-94e1-4387-9468-c6b7cfcbf460
480779f0-5692-4c60-918f-b1ec322a67dd,70da1e02-29df-4e19-83ca-e0e29d855544
480779f0-5692-4c60-918f-b1ec322a67dd,8ec89983-aa4d-4ef6-83a8-27d7db93eb7c
480779f0-5692-4c60-918f-b1ec322a67dd,4220b200-ef4c-485a-8c07-12d57bdf1688
480779f0-5692-4c60-918f-b1ec322a67dd,c88c52ba-2534-40e4-8d49-3b0860df4649
480779f0-5692-4c60-918f-b1ec322a67dd,e4430f19-f09d-48c6-a096-1a363146de40
12aedfe3-f88d-424b-ae0c-4182ef52d984,31d3c9c1-2bca-4db6-8e6e-68a2e079938d
12aedfe3-f88d-424b-ae0c-4182ef52d984,5ef015e6-ac66-49a6-bc8a-d91c5ea037e3
12aedfe3-f88d-424b-ae0c-4182ef52d984,ec91d02e-e3f6-485e-b833-736251b98460
12aedfe3-f88d-424b-ae0c-4182ef52d984,83d8df76-37b0-43f9-9f3b-dde96f2ab8c8
12aedfe3-f88d-424b-ae0c-4182ef52d984,b463be3b-0e4f-4256-8702-6af84474bb96
2274677d-4daf-45b6-a023-73aebd916b51,79d351be-2b19-4c35-8a93-0a426832bc23
2274677d-4daf-45b6-a023-73aebd916b51,c0ac9074-6434-422f-87b6-6cb85e853cb4
2274677d-4daf-45b6-a023-73aebd916b51,ec583eb9-56c3-422a-b34a-fbca1a285766
2274677d-4daf-45b6-a023-73aebd916b51,fb261397-84fc-4182-889b-96de72a6bd80
2274677d-4daf-45b6-a023-73aebd916b51,d0156778-ad53-4edf-8292-2e114234573b
2274677d-4daf-45b6-a023-73aebd916b51,c261d725-4f92-4bb5-a150-0da24d7a520b
2274677d-4daf-45b6-a023-73aebd916b51,5d6b881a-bcff-4e92-84bc-935578fdb8d9
41c10e28-d5a9-4926-ad84-c90ca1a6bc8c,ee6611b2-a656-4c16-b938-ccede9148216
41c10e28-d5a9-4926-ad84-c90ca1a6bc8c,0540f760-856d-455b-b8cc-ea7959723c19
41c10e28-d5a9-4926-ad84-c90ca1a6bc8c,3f3b0b0f-fcec-4653-a5c7-a7763bae7ec1
41c10e28-d5a9-4926-ad84-c90ca1a6bc8c,5c92d401-9ee4-4940-9b73-86fa01228d4a
41c10e28-d5a9-4926-ad84-c90ca1a6bc8c,397a895b-3fe7-40a7-847c-ff5cebbceb4c
41c10e28-d5a9-4926-ad84-c90ca1a6bc8c,8da402f8-94e1-4387-9468-c6b7cfcbf460
5bca54c5-d852-4f6f-94f4-8579c81735c2,6162fa94-f602-4376-9659-f87433bca77e
5bca54c5-d852-4f6f-94f4-8579c81735c2,b463be3b-0e4f-4256-8702-6af84474bb96
5bca54c5-d852-4f6f-94f4-8579c81735c2,7ebd8830-e505-4ed4-8fff-0a35d306e377
5bca54c5-d852-4f6f-94f4-8579c81735c2,397a895b-3fe7-40a7-847c-ff5cebbceb4c
5bca54c5-d852-4f6f-94f4-8579c81735c2,f2ccb5c7-cc9a-4776-ba35-df2c9bf7da19
5bca54c5-d852-4f6f-94f4-8579c81735c2,8ec89983-aa4d-4ef6-83a8-27d7db93eb7c
5bca54c5-d852-4f6f-94f4-8579c81735c2,9749559b-1b4b-483c-897b-96bd1aaa26ec
5bca54c5-d852-4f6f-94f4-8579c81735c2,8d86aff1-8f8d-4c9b-8cb4-306b942e283b
5bca54c5-d852-4f6f-94f4-8579c81735c2,e4430f19-f09d-48c6-a096-1a363146de40
5bca54c5-d852-4f6f-94f4-8579c81735c2,c0ac9074-6434-422f-87b6-6cb85e853cb4
9a1f8635-0d88-4fa8-aba3-a4c0ff0d2d6c,69a2dbee-7de7-4514-9f3a-4012fea5d5a3
9a1f8635-0d88-4fa8-aba3-a4c0ff0d2d6c,c4e88c03-7fef-4d55-b9b9-3a3a79d1ba83
9a1f8635-0d88-4fa8-aba3-a4c0ff0d2d6c,71f878bb-a083-41d8-b81c-8b3b2abf6e9d
9a1f8635-0d88-4fa8-aba3-a4c0ff0d2d6c,3f3b0b0f-fcec-4653-a5c7-a7763bae7ec1
9a1f8635-0d88-4fa8-aba3-a4c0ff0d2d6c,414c6e0a-6b4b-4a47-9424-2589544c0985
9a1f8635-0d88-4fa8-aba3-a4c0ff0d2d6c,e0936c15-f17a-41f2-aacb-b91c81107046
8fb676ee-2e65-4c26-96c6-a58b3dfdd6c9,79d351be-2b19-4c35-8a93-0a426832bc23
8fb676ee-2e65-4c26-96c6-a58b3dfdd6c9,4220b200-ef4c-485a-8c07-12d57bdf1688
8fb676ee-2e65-4c26-96c6-a58b3dfdd6c9,7b9a0da2-f5f9-45d1-9fc4-8e26ed064936
8fb676ee-2e65-4c26-96c6-a58b3dfdd6c9,9266dcfa-f2c0-4ea5-a6d4-303297476cc4
8fb676ee-2e65-4c26-96c6-a58b3dfdd6c9,f2ccb5c7-cc9a-4776-ba35-df2c9bf7da19
8fb676ee-2e65-4c26-96c6-a58b3dfdd6c9,f383e75c-cee2-4445-88de-922311c86037
8fb676ee-2e65-4c26-96c6-a58b3dfdd6c9,626c897a-34f6-412e-8f78-9474d056768a
8fb676ee-2e65-4c26-96c6-a58b3dfdd6c9,678754a1-100d-4cef-ace6-2d66f80fe67e
8fb676ee-2e65-4c26-96c6-a58b3dfdd6c9,60c5638c-28fa-4b5e-976a-11c6de1ab517
d8034e6a-0e29-4105-a9b7-60be28d8471c,709364bc-514e-4559-a8ec-ea71468dc891
d8034e6a-0e29-4105-a9b7-60be28d8471c,18d709a8-a642-4ddf-9734-5b22c02cfa3e
d8034e6a-0e29-4105-a9b7-60be28d8471c,1b3391c1-2f8b-49f8-a0d1-f876f1ed15f5
d8034e6a-0e29-4105-a9b7-60be28d8471c,5c3da6a1-fffd-499f-9a1e-37a1b0706fd4
d8034e6a-0e29-4105-a9b7-60be28d8471c,8cf37f89-0b9b-409f-9c1c-e0db03666966
d8034e6a-0e29-4105-a9b7-60be28d8471c,5d6b881a-bcff-4e92-84bc-935578fdb8d9
d8034e6a-0e29-4105-a9b7-60be28d8471c,70da1e02-29df-4e19-83ca-e0e29d855544
c21f382f-106a-49f3-ba38-0a19fdf92f2d,1b3391c1-2f8b-49f8-a0d1-f876f1ed15f5
c21f382f-106a-49f3-ba38-0a19fdf92f2d,678754a1-100d-4cef-ace6-2d66f80fe67e
c21f382f-106a-49f3-ba38-0a19fdf92f2d,f2bea0e2-73c0-4d58-89e4-2d61f59424f5
c21f382f-106a-49f3-ba38-0a19fdf92f2d,c0ac9074-6434-422f-87b6-6cb85e853cb4
c21f382f-106a-49f3-ba38-0a19fdf92f2d,9749559b-1b4b-483c-897b-96bd1aaa26ec
c21f382f-106a-49f3-ba38-0a19fdf92f2d,5509cd51-1d9d-4dd4-9c7d-c1c943ca903b
c21f382f-106a-49f3-ba38-0a19fdf92f2d,f5d56393-a959-49db-a83f-82bb293e3f86
c21f382f-106a-49f3-ba38-0a19fdf92f2d,18d709a8-a642-4ddf-9734-5b22c02cfa3e
f49f31a4-a7b0-4936-85bd-db90dc9443a9,f5d56393-a959-49db-a83f-82bb293e3f86
f49f31a4-a7b0-4936-85bd-db90dc9443a9,5af9acd5-5f52-46f2-b717-01f76a0be253
f49f31a4-a7b0-4936-85bd-db90dc9443a9,5c7fc23a-188d-4a53-9325-21ccef62d808
f49f31a4-a7b0-4936-85bd-db90dc9443a9,8d86aff1-8f8d-4c9b-8cb4-306b942e283b
f49f31a4-a7b0-4936-85bd-db90dc9443a9,e0936c15-f17a-41f2-aacb-b91c81107046
f49f31a4-a7b0-4936-85bd-db90dc9443a9,5ef015e6-ac66-49a6-bc8a-d91c5ea037e3
f49f31a4-a7b0-4936-85bd-db90dc9443a9,4220b200-ef4c-485a-8c07-12d57bdf1688
f49f31a4-a7b0-4936-85bd-db90dc9443a9,5c3da6a1-fffd-499f-9a1e-37a1b0706fd4
f49f31a4-a7b0-4936-85bd-db90dc9443a9,5c92d401-9ee4-4940-9b73-86fa01228d4a
f49f31a4-a7b0-4936-85bd-db90dc9443a9,ee6611b2-a656-4c16-b938-ccede9148216
aab5ff0a-2ec3-4d60-843d-4f88c32bbc8c,71f878bb-a083-41d8-b81c-8b3b2abf6e9d
aab5ff0a-2ec3-4d60-843d-4f88c32bbc8c,ee6611b2-a656-4c16-b938-ccede9148216
aab5ff0a-2ec3-4d60-843d-4f88c32bbc8c,69a2dbee-7de7-4514-9f3a-4012fea5d5a3
aab5ff0a-2ec3-4d60-843d-4f88c32bbc8c,ec91d02e-e3f6-485e-b833-736251b98460
aab5ff0a-2ec3-4d60-843d-4f88c32bbc8c,397a895b-3fe7-40a7-847c-ff5cebbceb4c
aab5ff0a-2ec3-4d60-843d-4f88c32bbc8c,8078633e-f337-40ad-828f-f545c3fb9503
