user_id,recipe_id,is_favorite
437b6ae7-c53a-4398-ac00-4cacbb16c3d4,57a2ffa8-9b41-4e46-9091-127ce5563a92,True
437b6ae7-c53a-4398-ac00-4cacbb16c3d4,4a032fa3-69ad-44f3-b0aa-808fb39770af,True
437b6ae7-c53a-4398-ac00-4cacbb16c3d4,20bf2fa7-82b1-4df0-85fa-37c0f81be40a,False
437b6ae7-c53a-4398-ac00-4cacbb16c3d4,c4536aa2-9ddc-4e91-b2a9-b6f08dfa94c1,False
437b6ae7-c53a-4398-ac00-4cacbb16c3d4,06b2ba00-66a2-4c95-a3a0-c0f820e2e531,False
437b6ae7-c53a-4398-ac00-4cacbb16c3d4,5fc07310-b4ca-42b3-a810-df66d510d03d,False
437b6ae7-c53a-4398-ac00-4cacbb16c3d4,95986ff4-f224-434d-aecf-5b6895fa021d,False
437b6ae7-c53a-4398-ac00-4cacbb16c3d4,9014a456-74b2-4653-a977-ed090f0496f5,False
437b6ae7-c53a-4398-ac00-4cacbb16c3d4,ba359adf-9a74-4ecd-a072-6d8a10c0fbe8,True
437b6ae7-c53a-4398-ac00-4cacbb16c3d4,e0d1c537-6096-46cc-9ad7-c4219d768378,False
29661fa1-a7dc-432a-b01d-370a9bac4d61,318db0bf-eff3-4176-9e56-3af7398610c6,False
29661fa1-a7dc-432a-b01d-370a9bac4d61,f0372169-f982-4448-907f-741894d5b5bf,False
29661fa1-a7dc-432a-b01d-370a9bac4d61,361b4d13-8598-475d-ab9a-b5b25d01df0c,False
29661fa1-a7dc-432a-b01d-370a9bac4d61,2c3e65c7-ab41-4549-9c6c-fcd2ad2ee5b4,False
29661fa1-a7dc-432a-b01d-370a9bac4d61,2721571f-c2de-4ef9-a435-bafc3974fd56,False
29661fa1-a7dc-432a-b01d-370a9bac4d61,6e271d62-0049-4bd7-aa45-e76d1d3bcac8,False
29661fa1-a7dc-432a-b01d-370a9bac4d61,ca73d2bb-0870-423d-8228-2247c1a83802,True
29661fa1-a7dc-432a-b01d-370a9bac4d61,813383a0-7fc6-4a65-80a3-2378be9dd5b9,False
29661fa1-a7dc-432a-b01d-370a9bac4d61,11f1d9b5-d024-49b3-a15c-e1195fc583de,False
29661fa1-a7dc-432a-b01d-370a9bac4d61,fac47c76-be3d-4b7f-954b-f5d488399c58,True
cdcbddb3-3152-495b-acd1-1c31697152eb,7d7b0dbb-a8cf-479b-a38b-8c88a7343cd9,True
cdcbddb3-3152-495b-acd1-1c31697152eb,b15190c0-3f8c-4085-8538-4ceddb11db9a,False
cdcbddb3-3152-495b-acd1-1c31697152eb,f9380c62-bad6-4b21-9873-615c4138c9f0,False
cdcbddb3-3152-495b-acd1-1c31697152eb,813383a0-7fc6-4a65-80a3-2378be9dd5b9,False
cdcbddb3-3152-495b-acd1-1c31697152eb,2a5ee383-abb4-4dd2-8efa-7f5df439f8a1,True
7c52c46f-4e4e-4031-a23e-525d371d17a5,88f93761-84ce-4b03-bed5-daf0158a872e,False
7c52c46f-4e4e-4031-a23e-525d371d17a5,fa638a11-b94b-4c11-a032-63c2314ab0c1,False
7c52c46f-4e4e-4031-a23e-525d371d17a5,dc95222f-7679-4ecb-b00e-33d1f9bf8108,False
7c52c46f-4e4e-4031-a23e-525d371d17a5,06b2ba00-66a2-4c95-a3a0-c0f820e2e531,False
7c52c46f-4e4e-4031-a23e-525d371d17a5,091c8a5d-7327-48ad-ae9d-6ab2f2b1228f,False
dce5364e-b3e3-446d-81ce-cfa537871a04,c6a9d671-867c-4aa8-8b96-14bce876b3b5,False
dce5364e-b3e3-446d-81ce-cfa537871a04,813383a0-7fc6-4a65-80a3-2378be9dd5b9,False
dce5364e-b3e3-446d-81ce-cfa537871a04,e37edf57-08ba-42fc-bc81-1e21fec201ab,False
dce5364e-b3e3-446d-81ce-cfa537871a04,70ba18d3-0818-4192-b019-561c8ac60542,True
dce5364e-b3e3-446d-81ce-cfa537871a04,4928b3b5-5b2c-43be-adfa-093b2841bce5,False
dce5364e-b3e3-446d-81ce-cfa537871a04,76ef05e5-46e1-434f-b5b0-3de39d5bb249,True
dce5364e-b3e3-446d-81ce-cfa537871a04,89e19559-78d9-497c-a128-dc257dfe3353,False
dce5364e-b3e3-446d-81ce-cfa537871a04,bfb1a350-e49f-4b55-981b-08fab2fd9d07,False
dce5364e-b3e3-446d-81ce-cfa537871a04,17c8b7db-486f-46e9-b140-0c002c1280bf,False
dce5364e-b3e3-446d-81ce-cfa537871a04,1988cfb0-6486-421d-bad6-0526f3124d44,True
dc653cd9-2705-4a62-8fbf-ba472ac0b46c,78644f53-c1d0-48c8-9f52-1ba3edf3f7eb,False
dc653cd9-2705-4a62-8fbf-ba472ac0b46c,3c0152ab-a2c4-414f-99da-7006f85a7d9d,False
dc653cd9-2705-4a62-8fbf-ba472ac0b46c,ffa0bcfc-3669-45da-b766-678c4ba68bcb,False
dc653cd9-2705-4a62-8fbf-ba472ac0b46c,6838126d-0e83-4378-8c28-ae8249ecec6f,False
dc653cd9-2705-4a62-8fbf-ba472ac0b46c,68ead65d-3799-4089-9eac-9e443938b42c,False
dc653cd9-2705-4a62-8fbf-ba472ac0b46c,d2434745-68e1-436f-b086-fe4057d85d98,False
dc653cd9-2705-4a62-8fbf-ba472ac0b46c,387cabec-3b60-455a-9e31-e13874280a59,False
dc653cd9-2705-4a62-8fbf-ba472ac0b46c,d9cd13c6-77bd-4930-9a08-ba933ee627de,False
0cf9dac4-f665-45d3-b38e-5103562eef4f,8ed331c1-c540-4a45-a5db-f450ee745cc9,False
0cf9dac4-f665-45d3-b38e-5103562eef4f,20bf2fa7-82b1-4df0-85fa-37c0f81be40a,False
0cf9dac4-f665-45d3-b38e-5103562eef4f,89e19559-78d9-497c-a128-dc257dfe3353,False
0cf9dac4-f665-45d3-b38e-5103562eef4f,1424c412-731c-4ddb-b69f-8ae4348b46fc,False
0cf9dac4-f665-45d3-b38e-5103562eef4f,0d7ef19a-5067-4eea-b407-cb487a617a70,False
0cf9dac4-f665-45d3-b38e-5103562eef4f,7c101f53-790a-4537-b66b-8ac9097c70cc,False
0cf9dac4-f665-45d3-b38e-5103562eef4f,c6a9d671-867c-4aa8-8b96-14bce876b3b5,False
0cf9dac4-f665-45d3-b38e-5103562eef4f,2c0dabe6-e629-45f1-b8bc-3b866e8c86c2,False
0cf9dac4-f665-45d3-b38e-5103562eef4f,76ef05e5-46e1-434f-b5b0-3de39d5bb249,False
4a1ccc3b-f5c0-4953-8284-459a4db4874d,e4ad0a50-b67d-4aff-aaf2-815b90e575c5,False
4a1ccc3b-f5c0-4953-8284-459a4db4874d,5788f738-cebe-42d3-9c40-035b3389834d,False
4a1ccc3b-f5c0-4953-8284-459a4db4874d,02a9af0a-3fe8-4987-a939-744de97d97f9,True
4a1ccc3b-f5c0-4953-8284-459a4db4874d,9434de83-4f06-443b-a159-307851837913,False
4a1ccc3b-f5c0-4953-8284-459a4db4874d,8b85df92-0f67-46b5-b438-d5afdb0e721b,True
4a1ccc3b-f5c0-4953-8284-459a4db4874d,2264191d-1707-46d0-9cef-d72b0a05cb57,True
4a1ccc3b-f5c0-4953-8284-459a4db4874d,06b2ba00-66a2-4c95-a3a0-c0f820e2e531,False
4a1ccc3b-f5c0-4953-8284-459a4db4874d,2c0dabe6-e629-45f1-b8bc-3b866e8c86c2,False
4a1ccc3b-f5c0-4953-8284-459a4db4874d,3a0fd3f0-63b3-4f00-8cc7-383f8c922784,False
4a1ccc3b-f5c0-4953-8284-459a4db4874d,7c101f53-790a-4537-b66b-8ac9097c70cc,False
4c5f4b54-14f4-475e-97f9-505ac05c1047,89e19559-78d9-497c-a128-dc257dfe3353,False
4c5f4b54-14f4-475e-97f9-505ac05c1047,2cb699a0-8278-40a8-8659-bf68fbb00d2b,False
4c5f4b54-14f4-475e-97f9-505ac05c1047,4a032fa3-69ad-44f3-b0aa-808fb39770af,False
4c5f4b54-14f4-475e-97f9-505ac05c1047,200bda18-6681-455d-9a1a-33f30b6cd1c9,True
4c5f4b54-14f4-475e-97f9-505ac05c1047,318db0bf-eff3-4176-9e56-3af7398610c6,False
3a5239be-a771-4678-b252-462fa7562479,02a9af0a-3fe8-4987-a939-744de97d97f9,False
3a5239be-a771-4678-b252-462fa7562479,6e271d62-0049-4bd7-aa45-e76d1d3bcac8,False
3a5239be-a771-4678-b252-462fa7562479,2721571f-c2de-4ef9-a435-bafc3974fd56,False
3a5239be-a771-4678-b252-462fa7562479,fac47c76-be3d-4b7f-954b-f5d488399c58,False
3a5239be-a771-4678-b252-462fa7562479,e2cc8403-16cb-4fbc-8d3f-dbc06d1986d4,False
3a5239be-a771-4678-b252-462fa7562479,3e404b2f-5e29-41a2-ac9a-4dd45a02dfdf,False
3a5239be-a771-4678-b252-462fa7562479,f0372169-f982-4448-907f-741894d5b5bf,True
703aea7e-df98-4291-a1ef-fa6411711a60,d9cd13c6-77bd-4930-9a08-ba933ee627de,False
703aea7e-df98-4291-a1ef-fa6411711a60,4a032fa3-69ad-44f3-b0aa-808fb39770af,False
703aea7e-df98-4291-a1ef-fa6411711a60,6baad9a1-0ef6-40d1-b0f1-1028340cd0c2,False
703aea7e-df98-4291-a1ef-fa6411711a60,e37edf57-08ba-42fc-bc81-1e21fec201ab,False
703aea7e-df98-4291-a1ef-fa6411711a60,fac47c76-be3d-4b7f-954b-f5d488399c58,False
703aea7e-df98-4291-a1ef-fa6411711a60,fceaa7a3-2ede-4e36-b5d0-07cbd2098f5a,False
703aea7e-df98-4291-a1ef-fa6411711a60,dc5b7fab-f2c5-4c74-94f0-fede30341a00,False
703aea7e-df98-4291-a1ef-fa6411711a60,387cabec-3b60-455a-9e31-e13874280a59,False
4b23caee-72df-4f8d-8829-10bba0de426a,06b2ba00-66a2-4c95-a3a0-c0f820e2e531,True
4b23caee-72df-4f8d-8829-10bba0de426a,e7708296-e74a-4bf1-9383-c33547cf2283,False
4b23caee-72df-4f8d-8829-10bba0de426a,42827e1d-da01-477b-8537-53074e16ca40,False
4b23caee-72df-4f8d-8829-10bba0de426a,d5fc6914-1b45-4db3-8d7b-93662e994dfc,True
4b23caee-72df-4f8d-8829-10bba0de426a,3a0fd3f0-63b3-4f00-8cc7-383f8c922784,True
4b23caee-72df-4f8d-8829-10bba0de426a,ec1d2534-2dfd-4ddc-ab7d-1673b2bea6cd,False
4b23caee-72df-4f8d-8829-10bba0de426a,9d3979cd-6e10-43a8-835e-006003a1cb4b,False
4b23caee-72df-4f8d-8829-10bba0de426a,a24b8f65-a674-41c6-8db4-0d3ae1fb5b0c,True
2face309-fffa-44c1-965f-1b5b53f3568e,83af4e7f-f9c5-4f84-8772-8db65c848671,False
2face309-fffa-44c1-965f-1b5b53f3568e,1988cfb0-6486-421d-bad6-0526f3124d44,False
2face309-fffa-44c1-965f-1b5b53f3568e,5fc07310-b4ca-42b3-a810-df66d510d03d,False
2face309-fffa-44c1-965f-1b5b53f3568e,d1839ec4-e7ba-46a3-87fd-d36326ab4edf,False
2face309-fffa-44c1-965f-1b5b53f3568e,0d7ef19a-5067-4eea-b407-cb487a617a70,False
2face309-fffa-44c1-965f-1b5b53f3568e,d709f605-b230-4497-ab86-c93f1a22e4ed,True
2face309-fffa-44c1-965f-1b5b53f3568e,4fccc964-946d-46d1-947d-fcc71c15eafc,False
2face309-fffa-44c1-965f-1b5b53f3568e,9a9ebfe5-84c1-4ff6-baf4-735c54ca9614,True
14cf6b16-a816-4d9a-86a7-92d03f8db22e,06b2ba00-66a2-4c95-a3a0-c0f820e2e531,False
14cf6b16-a816-4d9a-86a7-92d03f8db22e,813383a0-7fc6-4a65-80a3-2378be9dd5b9,False
14cf6b16-a816-4d9a-86a7-92d03f8db22e,d1839ec4-e7ba-46a3-87fd-d36326ab4edf,False
14cf6b16-a816-4d9a-86a7-92d03f8db22e,2721571f-c2de-4ef9-a435-bafc3974fd56,False
14cf6b16-a816-4d9a-86a7-92d03f8db22e,542dd424-3fc8-44b9-9a6e-9240d7d77634,False
f80684cf-5e0e-4e54-a5c3-252aac7dab99,9a261637-fd3e-4ec7-a8de-5e5d1ffda6a4,True
f80684cf-5e0e-4e54-a5c3-252aac7dab99,41f8724e-3734-4ca1-8369-4680dcc3150f,False
f80684cf-5e0e-4e54-a5c3-252aac7dab99,e41c83a6-9043-4d5f-8e1d-fc903418929c,True
f80684cf-5e0e-4e54-a5c3-252aac7dab99,fa638a11-b94b-4c11-a032-63c2314ab0c1,False
f80684cf-5e0e-4e54-a5c3-252aac7dab99,48822468-ac84-4d29-9f1e-ff641ff31876,False
f80684cf-5e0e-4e54-a5c3-252aac7dab99,200bda18-6681-455d-9a1a-33f30b6cd1c9,True
f80684cf-5e0e-4e54-a5c3-252aac7dab99,bc5332e6-8b9e-4e10-b61c-270bee4d2f33,False
f80684cf-5e0e-4e54-a5c3-252aac7dab99,9a9ebfe5-84c1-4ff6-baf4-735c54ca9614,True
f80684cf-5e0e-4e54-a5c3-252aac7dab99,565f29db-8f4b-4345-a330-2bcf9df6139f,False
7df670c3-6ee0-4856-959b-434b096543a7,ec1d2534-2dfd-4ddc-ab7d-1673b2bea6cd,False
7df670c3-6ee0-4856-959b-434b096543a7,361b4d13-8598-475d-ab9a-b5b25d01df0c,True
7df670c3-6ee0-4856-959b-434b096543a7,48e7d279-61be-4162-8674-0660e748fa63,True
7df670c3-6ee0-4856-959b-434b096543a7,795a767e-ee3d-4a61-ab18-66cd406fdcd7,False
7df670c3-6ee0-4856-959b-434b096543a7,a24b8f65-a674-41c6-8db4-0d3ae1fb5b0c,True
7df670c3-6ee0-4856-959b-434b096543a7,f9380c62-bad6-4b21-9873-615c4138c9f0,False
7df670c3-6ee0-4856-959b-434b096543a7,a1dacd6d-cba4-4482-9048-f05754bec294,False
7df670c3-6ee0-4856-959b-434b096543a7,17c8b7db-486f-46e9-b140-0c002c1280bf,True
7df670c3-6ee0-4856-959b-434b096543a7,33764feb-6eeb-44f7-a3c7-8a629ae77185,False
7df670c3-6ee0-4856-959b-434b096543a7,d709f605-b230-4497-ab86-c93f1a22e4ed,False
4ad7afe7-52e8-4ebf-a05b-ba0412b83a5c,f4beb065-aa68-4031-a429-d7c03ce6fdb7,True
4ad7afe7-52e8-4ebf-a05b-ba0412b83a5c,0d7ef19a-5067-4eea-b407-cb487a617a70,False
4ad7afe7-52e8-4ebf-a05b-ba0412b83a5c,7c101f53-790a-4537-b66b-8ac9097c70cc,False
4ad7afe7-52e8-4ebf-a05b-ba0412b83a5c,bc5332e6-8b9e-4e10-b61c-270bee4d2f33,False
4ad7afe7-52e8-4ebf-a05b-ba0412b83a5c,20bf2fa7-82b1-4df0-85fa-37c0f81be40a,True
4ad7afe7-52e8-4ebf-a05b-ba0412b83a5c,76ef05e5-46e1-434f-b5b0-3de39d5bb249,False
4ad7afe7-52e8-4ebf-a05b-ba0412b83a5c,9434de83-4f06-443b-a159-307851837913,False
4ad7afe7-52e8-4ebf-a05b-ba0412b83a5c,4fccc964-946d-46d1-947d-fcc71c15eafc,True
4ad7afe7-52e8-4ebf-a05b-ba0412b83a5c,b73c61fa-be19-4500-9548-0e28e625a086,False
4ad7afe7-52e8-4ebf-a05b-ba0412b83a5c,3c0152ab-a2c4-414f-99da-7006f85a7d9d,False
f04cdf5b-4d07-4cc8-ab36-7f0eb07b1a2d,ffa0bcfc-3669-45da-b766-678c4ba68bcb,False
f04cdf5b-4d07-4cc8-ab36-7f0eb07b1a2d,19e09466-aaaa-4637-a9b3-b7d203ec8d29,True
f04cdf5b-4d07-4cc8-ab36-7f0eb07b1a2d,e4ad0a50-b67d-4aff-aaf2-815b90e575c5,True
f04cdf5b-4d07-4cc8-ab36-7f0eb07b1a2d,4f42e69f-fd02-4cfb-8e0b-4671b43c88ce,True
f04cdf5b-4d07-4cc8-ab36-7f0eb07b1a2d,dc95222f-7679-4ecb-b00e-33d1f9bf8108,True
f04cdf5b-4d07-4cc8-ab36-7f0eb07b1a2d,5788f738-cebe-42d3-9c40-035b3389834d,False
f04cdf5b-4d07-4cc8-ab36-7f0eb07b1a2d,f4beb065-aa68-4031-a429-d7c03ce6fdb7,False
f04cdf5b-4d07-4cc8-ab36-7f0eb07b1a2d,ec1d2534-2dfd-4ddc-ab7d-1673b2bea6cd,False
f04cdf5b-4d07-4cc8-ab36-7f0eb07b1a2d,4928b3b5-5b2c-43be-adfa-093b2841bce5,False
f04cdf5b-4d07-4cc8-ab36-7f0eb07b1a2d,1424c412-731c-4ddb-b69f-8ae4348b46fc,False
cd153e2d-2e85-4fb5-a1d6-5e32a2a55175,6baad9a1-0ef6-40d1-b0f1-1028340cd0c2,False
cd153e2d-2e85-4fb5-a1d6-5e32a2a55175,95986ff4-f224-434d-aecf-5b6895fa021d,False
cd153e2d-2e85-4fb5-a1d6-5e32a2a55175,4928b3b5-5b2c-43be-adfa-093b2841bce5,True
cd153e2d-2e85-4fb5-a1d6-5e32a2a55175,9434de83-4f06-443b-a159-307851837913,False
cd153e2d-2e85-4fb5-a1d6-5e32a2a55175,c7e66d5a-99a8-40ed-9d5d-cc6af5d44911,False
cd153e2d-2e85-4fb5-a1d6-5e32a2a55175,9a9ebfe5-84c1-4ff6-baf4-735c54ca9614,True
cd153e2d-2e85-4fb5-a1d6-5e32a2a55175,e2cc8403-16cb-4fbc-8d3f-dbc06d1986d4,True
cd153e2d-2e85-4fb5-a1d6-5e32a2a55175,5fc07310-b4ca-42b3-a810-df66d510d03d,False
cd153e2d-2e85-4fb5-a1d6-5e32a2a55175,68ead65d-3799-4089-9eac-9e443938b42c,False
151b8761-0606-42e5-8fbb-80e2196143fe,3c0152ab-a2c4-414f-99da-7006f85a7d9d,False
151b8761-0606-42e5-8fbb-80e2196143fe,78644f53-c1d0-48c8-9f52-1ba3edf3f7eb,False
151b8761-0606-42e5-8fbb-80e2196143fe,4a032fa3-69ad-44f3-b0aa-808fb39770af,False
151b8761-0606-42e5-8fbb-80e2196143fe,2e24f8bb-3803-41a5-b835-4ac289233f6d,False
151b8761-0606-42e5-8fbb-80e2196143fe,9a261637-fd3e-4ec7-a8de-5e5d1ffda6a4,True
151b8761-0606-42e5-8fbb-80e2196143fe,02a9af0a-3fe8-4987-a939-744de97d97f9,False
151b8761-0606-42e5-8fbb-80e2196143fe,fceaa7a3-2ede-4e36-b5d0-07cbd2098f5a,False
151b8761-0606-42e5-8fbb-80e2196143fe,565f29db-8f4b-4345-a330-2bcf9df6139f,False
fd061d74-30ef-4827-8ca7-0591587b6121,b15190c0-3f8c-4085-8538-4ceddb11db9a,False
fd061d74-30ef-4827-8ca7-0591587b6121,20bf2fa7-82b1-4df0-85fa-37c0f81be40a,False
fd061d74-30ef-4827-8ca7-0591587b6121,dc5b7fab-f2c5-4c74-94f0-fede30341a00,True
fd061d74-30ef-4827-8ca7-0591587b6121,d9cd13c6-77bd-4930-9a08-ba933ee627de,False
fd061d74-30ef-4827-8ca7-0591587b6121,c4536aa2-9ddc-4e91-b2a9-b6f08dfa94c1,True
fd061d74-30ef-4827-8ca7-0591587b6121,d709f605-b230-4497-ab86-c93f1a22e4ed,True
fd061d74-30ef-4827-8ca7-0591587b6121,72298cc4-89d8-4447-858f-ba7f6c2e7096,False
fd061d74-30ef-4827-8ca7-0591587b6121,1424c412-731c-4ddb-b69f-8ae4348b46fc,False
fd061d74-30ef-4827-8ca7-0591587b6121,ba359adf-9a74-4ecd-a072-6d8a10c0fbe8,True
e7214fd1-4e49-4a46-a09a-93a074d44de6,d9cd13c6-77bd-4930-9a08-ba933ee627de,True
e7214fd1-4e49-4a46-a09a-93a074d44de6,33764feb-6eeb-44f7-a3c7-8a629ae77185,True
e7214fd1-4e49-4a46-a09a-93a074d44de6,f4beb065-aa68-4031-a429-d7c03ce6fdb7,False
e7214fd1-4e49-4a46-a09a-93a074d44de6,06b2ba00-66a2-4c95-a3a0-c0f820e2e531,False
e7214fd1-4e49-4a46-a09a-93a074d44de6,76ef05e5-46e1-434f-b5b0-3de39d5bb249,False
71479385-155b-4dee-bda2-926cc11fa1be,1988cfb0-6486-421d-bad6-0526f3124d44,False
71479385-155b-4dee-bda2-926cc11fa1be,f4beb065-aa68-4031-a429-d7c03ce6fdb7,False
71479385-155b-4dee-bda2-926cc11fa1be,fa638a11-b94b-4c11-a032-63c2314ab0c1,False
71479385-155b-4dee-bda2-926cc11fa1be,2721571f-c2de-4ef9-a435-bafc3974fd56,False
71479385-155b-4dee-bda2-926cc11fa1be,70ba18d3-0818-4192-b019-561c8ac60542,True
71479385-155b-4dee-bda2-926cc11fa1be,c931a9fb-0805-43e7-a919-acf3a7fa6edb,False
19bd7164-52a7-42d5-94ff-6431dd51e32d,e0d1c537-6096-46cc-9ad7-c4219d768378,False
19bd7164-52a7-42d5-94ff-6431dd51e32d,5bcd15b5-50af-46b6-82be-48b80362d49e,True
19bd7164-52a7-42d5-94ff-6431dd51e32d,e41c83a6-9043-4d5f-8e1d-fc903418929c,True
19bd7164-52a7-42d5-94ff-6431dd51e32d,d1839ec4-e7ba-46a3-87fd-d36326ab4edf,False
19bd7164-52a7-42d5-94ff-6431dd51e32d,200bda18-6681-455d-9a1a-33f30b6cd1c9,False
19bd7164-52a7-42d5-94ff-6431dd51e32d,f54fb83f-7f8c-4f25-a2f6-05f014268f37,False
19bd7164-52a7-42d5-94ff-6431dd51e32d,32d2ffd7-dbfd-4452-8f64-9ca02a33d51c,True
19bd7164-52a7-42d5-94ff-6431dd51e32d,72298cc4-89d8-4447-858f-ba7f6c2e7096,False
19bd7164-52a7-42d5-94ff-6431dd51e32d,76ef05e5-46e1-434f-b5b0-3de39d5bb249,False
19bd7164-52a7-42d5-94ff-6431dd51e32d,8ed331c1-c540-4a45-a5db-f450ee745cc9,True
1005f846-b91d-42bf-9504-5dbfb0035785,b73c61fa-be19-4500-9548-0e28e625a086,True
1005f846-b91d-42bf-9504-5dbfb0035785,a24b8f65-a674-41c6-8db4-0d3ae1fb5b0c,False
1005f846-b91d-42bf-9504-5dbfb0035785,95986ff4-f224-434d-aecf-5b6895fa021d,True
1005f846-b91d-42bf-9504-5dbfb0035785,e89f6463-93c7-487d-8e2f-8bfba4b60b6c,False
1005f846-b91d-42bf-9504-5dbfb0035785,3e404b2f-5e29-41a2-ac9a-4dd45a02dfdf,False
1005f846-b91d-42bf-9504-5dbfb0035785,3a0fd3f0-63b3-4f00-8cc7-383f8c922784,True
1005f846-b91d-42bf-9504-5dbfb0035785,b5993aad-685b-44e3-81da-6b78579de076,False
1005f846-b91d-42bf-9504-5dbfb0035785,29084bf8-0fbd-46c1-b03e-ee59a61bd1b3,False
1005f846-b91d-42bf-9504-5dbfb0035785,ca73d2bb-0870-423d-8228-2247c1a83802,True
1005f846-b91d-42bf-9504-5dbfb0035785,e41c83a6-9043-4d5f-8e1d-fc903418929c,False
2106fdc5-09b6-45e0-9193-627563a2a0ae,35e54486-8e65-46f5-9e7d-c48ad7c97193,True
2106fdc5-09b6-45e0-9193-627563a2a0ae,9a261637-fd3e-4ec7-a8de-5e5d1ffda6a4,False
2106fdc5-09b6-45e0-9193-627563a2a0ae,d709f605-b230-4497-ab86-c93f1a22e4ed,True
2106fdc5-09b6-45e0-9193-627563a2a0ae,32d2ffd7-dbfd-4452-8f64-9ca02a33d51c,True
2106fdc5-09b6-45e0-9193-627563a2a0ae,c931a9fb-0805-43e7-a919-acf3a7fa6edb,False
2106fdc5-09b6-45e0-9193-627563a2a0ae,68ead65d-3799-4089-9eac-9e443938b42c,False
2106fdc5-09b6-45e0-9193-627563a2a0ae,70ba18d3-0818-4192-b019-561c8ac60542,False
2106fdc5-09b6-45e0-9193-627563a2a0ae,fa638a11-b94b-4c11-a032-63c2314ab0c1,False
0f993b81-020b-4762-a772-623ddb4f16ca,6838126d-0e83-4378-8c28-ae8249ecec6f,False
0f993b81-020b-4762-a772-623ddb4f16ca,795a767e-ee3d-4a61-ab18-66cd406fdcd7,True
0f993b81-020b-4762-a772-623ddb4f16ca,7d7b0dbb-a8cf-479b-a38b-8c88a7343cd9,False
0f993b81-020b-4762-a772-623ddb4f16ca,bfb1a350-e49f-4b55-981b-08fab2fd9d07,False
0f993b81-020b-4762-a772-623ddb4f16ca,361b4d13-8598-475d-ab9a-b5b25d01df0c,True
7cd66880-5c4e-4e4d-b966-92cb060ac2cc,4a032fa3-69ad-44f3-b0aa-808fb39770af,False
7cd66880-5c4e-4e4d-b966-92cb060ac2cc,68ead65d-3799-4089-9eac-9e443938b42c,False
7cd66880-5c4e-4e4d-b966-92cb060ac2cc,d1839ec4-e7ba-46a3-87fd-d36326ab4edf,False
7cd66880-5c4e-4e4d-b966-92cb060ac2cc,fada94dc-e0fe-4ce7-8daa-0f80fb7d5f39,False
7cd66880-5c4e-4e4d-b966-92cb060ac2cc,188781a6-b04b-4ae5-8689-18be9ed39099,False
7cd66880-5c4e-4e4d-b966-92cb060ac2cc,95986ff4-f224-434d-aecf-5b6895fa021d,False
7cd66880-5c4e-4e4d-b966-92cb060ac2cc,813383a0-7fc6-4a65-80a3-2378be9dd5b9,False
7cd66880-5c4e-4e4d-b966-92cb060ac2cc,cd294a49-7cbd-4082-bb88-1260b7e030c4,False
7cd66880-5c4e-4e4d-b966-92cb060ac2cc,98e1f173-1b0c-4a7f-b929-bd453c536bf8,False
7cd66880-5c4e-4e4d-b966-92cb060ac2cc,2c0dabe6-e629-45f1-b8bc-3b866e8c86c2,True
28a79883-895d-4ed7-b50b-cba8f7cc0fbb,387cabec-3b60-455a-9e31-e13874280a59,False
28a79883-895d-4ed7-b50b-cba8f7cc0fbb,565f29db-8f4b-4345-a330-2bcf9df6139f,False
28a79883-895d-4ed7-b50b-cba8f7cc0fbb,8ed331c1-c540-4a45-a5db-f450ee745cc9,False
28a79883-895d-4ed7-b50b-cba8f7cc0fbb,318db0bf-eff3-4176-9e56-3af7398610c6,False
28a79883-895d-4ed7-b50b-cba8f7cc0fbb,ab46b1f5-a822-45b0-bdb2-11ccdcf98abf,False
28a79883-895d-4ed7-b50b-cba8f7cc0fbb,b73c61fa-be19-4500-9548-0e28e625a086,True
28a79883-895d-4ed7-b50b-cba8f7cc0fbb,70ba18d3-0818-4192-b019-561c8ac60542,True
28a79883-895d-4ed7-b50b-cba8f7cc0fbb,dd60017d-ae3e-42a0-aca2-a26caa0665e8,False
28a79883-895d-4ed7-b50b-cba8f7cc0fbb,aa6f5b77-fe8b-4823-92ec-a7970aefc03c,False
15f78e6d-8c1b-4759-98bd-4626a52785ea,41f8724e-3734-4ca1-8369-4680dcc3150f,False
15f78e6d-8c1b-4759-98bd-4626a52785ea,4450377c-0503-445f-882b-e167fc05a084,False
15f78e6d-8c1b-4759-98bd-4626a52785ea,88f93761-84ce-4b03-bed5-daf0158a872e,False
15f78e6d-8c1b-4759-98bd-4626a52785ea,2721571f-c2de-4ef9-a435-bafc3974fd56,False
15f78e6d-8c1b-4759-98bd-4626a52785ea,9a9ebfe5-84c1-4ff6-baf4-735c54ca9614,True
15f78e6d-8c1b-4759-98bd-4626a52785ea,188781a6-b04b-4ae5-8689-18be9ed39099,False
15f78e6d-8c1b-4759-98bd-4626a52785ea,48822468-ac84-4d29-9f1e-ff641ff31876,False
15f78e6d-8c1b-4759-98bd-4626a52785ea,6cb1750d-abbe-4654-8456-19d55361684e,True
3ad232c9-a67a-4570-98e1-2e3665befda7,57a2ffa8-9b41-4e46-9091-127ce5563a92,False
3ad232c9-a67a-4570-98e1-2e3665befda7,e7708296-e74a-4bf1-9383-c33547cf2283,False
3ad232c9-a67a-4570-98e1-2e3665befda7,fac47c76-be3d-4b7f-954b-f5d488399c58,False
3ad232c9-a67a-4570-98e1-2e3665befda7,e4ad0a50-b67d-4aff-aaf2-815b90e575c5,False
3ad232c9-a67a-4570-98e1-2e3665befda7,4a032fa3-69ad-44f3-b0aa-808fb39770af,False
3ad232c9-a67a-4570-98e1-2e3665befda7,e0d1c537-6096-46cc-9ad7-c4219d768378,False
3ad232c9-a67a-4570-98e1-2e3665befda7,ba359adf-9a74-4ecd-a072-6d8a10c0fbe8,False
3ad232c9-a67a-4570-98e1-2e3665befda7,361b4d13-8598-475d-ab9a-b5b25d01df0c,True
3ad232c9-a67a-4570-98e1-2e3665befda7,200bda18-6681-455d-9a1a-33f30b6cd1c9,True
3ad232c9-a67a-4570-98e1-2e3665befda7,c7e66d5a-99a8-40ed-9d5d-cc6af5d44911,False
1b2bd97a-ebca-4329-a35a-fd5705ad8c0b,f4beb065-aa68-4031-a429-d7c03ce6fdb7,True
1b2bd97a-ebca-4329-a35a-fd5705ad8c0b,f54fb83f-7f8c-4f25-a2f6-05f014268f37,False
1b2bd97a-ebca-4329-a35a-fd5705ad8c0b,b5993aad-685b-44e3-81da-6b78579de076,False
1b2bd97a-ebca-4329-a35a-fd5705ad8c0b,d5fc6914-1b45-4db3-8d7b-93662e994dfc,False
1b2bd97a-ebca-4329-a35a-fd5705ad8c0b,d709f605-b230-4497-ab86-c93f1a22e4ed,False
1b2bd97a-ebca-4329-a35a-fd5705ad8c0b,ad3003b5-3e11-4579-aa3a-9f8c881c0073,False
2cba46e9-a2c0-4254-97b6-b1cfb17b7fda,5788f738-cebe-42d3-9c40-035b3389834d,False
2cba46e9-a2c0-4254-97b6-b1cfb17b7fda,318db0bf-eff3-4176-9e56-3af7398610c6,False
2cba46e9-a2c0-4254-97b6-b1cfb17b7fda,d1839ec4-e7ba-46a3-87fd-d36326ab4edf,False
2cba46e9-a2c0-4254-97b6-b1cfb17b7fda,d9cd13c6-77bd-4930-9a08-ba933ee627de,True
2cba46e9-a2c0-4254-97b6-b1cfb17b7fda,8b85df92-0f67-46b5-b438-d5afdb0e721b,False
2cba46e9-a2c0-4254-97b6-b1cfb17b7fda,a24b8f65-a674-41c6-8db4-0d3ae1fb5b0c,False
2cba46e9-a2c0-4254-97b6-b1cfb17b7fda,188781a6-b04b-4ae5-8689-18be9ed39099,False
85b5474a-57d4-4362-baef-8bf4b493de8f,2c3e65c7-ab41-4549-9c6c-fcd2ad2ee5b4,False
85b5474a-57d4-4362-baef-8bf4b493de8f,03ed6792-a6e5-4bcc-a251-2502babe234b,False
85b5474a-57d4-4362-baef-8bf4b493de8f,fada94dc-e0fe-4ce7-8daa-0f80fb7d5f39,False
85b5474a-57d4-4362-baef-8bf4b493de8f,318db0bf-eff3-4176-9e56-3af7398610c6,False
85b5474a-57d4-4362-baef-8bf4b493de8f,e7708296-e74a-4bf1-9383-c33547cf2283,False
4981a66c-c44d-4697-a0ab-2b57db9d4e96,9434de83-4f06-443b-a159-307851837913,False
4981a66c-c44d-4697-a0ab-2b57db9d4e96,091c8a5d-7327-48ad-ae9d-6ab2f2b1228f,False
4981a66c-c44d-4697-a0ab-2b57db9d4e96,8ed331c1-c540-4a45-a5db-f450ee745cc9,False
4981a66c-c44d-4697-a0ab-2b57db9d4e96,f9e24e28-02ab-4cf3-8fe0-647b2336c8ab,False
4981a66c-c44d-4697-a0ab-2b57db9d4e96,7c101f53-790a-4537-b66b-8ac9097c70cc,True
4981a66c-c44d-4697-a0ab-2b57db9d4e96,1424c412-731c-4ddb-b69f-8ae4348b46fc,True
4981a66c-c44d-4697-a0ab-2b57db9d4e96,4928b3b5-5b2c-43be-adfa-093b2841bce5,False
58d6eb82-86c7-4ddf-832b-d82db5fe19c9,88f93761-84ce-4b03-bed5-daf0158a872e,False
58d6eb82-86c7-4ddf-832b-d82db5fe19c9,0d7ef19a-5067-4eea-b407-cb487a617a70,False
58d6eb82-86c7-4ddf-832b-d82db5fe19c9,78644f53-c1d0-48c8-9f52-1ba3edf3f7eb,True
58d6eb82-86c7-4ddf-832b-d82db5fe19c9,091c8a5d-7327-48ad-ae9d-6ab2f2b1228f,False
58d6eb82-86c7-4ddf-832b-d82db5fe19c9,4f42e69f-fd02-4cfb-8e0b-4671b43c88ce,False
58d6eb82-86c7-4ddf-832b-d82db5fe19c9,b15190c0-3f8c-4085-8538-4ceddb11db9a,True
58d6eb82-86c7-4ddf-832b-d82db5fe19c9,29084bf8-0fbd-46c1-b03e-ee59a61bd1b3,False
58d6eb82-86c7-4ddf-832b-d82db5fe19c9,a1dacd6d-cba4-4482-9048-f05754bec294,False
94b3ed98-d68e-4371-b116-16868fe263dc,2264191d-1707-46d0-9cef-d72b0a05cb57,False
94b3ed98-d68e-4371-b116-16868fe263dc,70ba18d3-0818-4192-b019-561c8ac60542,True
94b3ed98-d68e-4371-b116-16868fe263dc,813383a0-7fc6-4a65-80a3-2378be9dd5b9,True
94b3ed98-d68e-4371-b116-16868fe263dc,9d3979cd-6e10-43a8-835e-006003a1cb4b,False
94b3ed98-d68e-4371-b116-16868fe263dc,fa638a11-b94b-4c11-a032-63c2314ab0c1,True
94b3ed98-d68e-4371-b116-16868fe263dc,4a032fa3-69ad-44f3-b0aa-808fb39770af,False
94b3ed98-d68e-4371-b116-16868fe263dc,c7e66d5a-99a8-40ed-9d5d-cc6af5d44911,False
94b3ed98-d68e-4371-b116-16868fe263dc,48e7d279-61be-4162-8674-0660e748fa63,True
94b3ed98-d68e-4371-b116-16868fe263dc,542dd424-3fc8-44b9-9a6e-9240d7d77634,False
21688c8c-c55e-4693-a02a-6177e855c447,b2d20cd9-e2a3-405f-a7e6-6b57d07e1d4b,False
21688c8c-c55e-4693-a02a-6177e855c447,c4536aa2-9ddc-4e91-b2a9-b6f08dfa94c1,False
21688c8c-c55e-4693-a02a-6177e855c447,20bf2fa7-82b1-4df0-85fa-37c0f81be40a,False
21688c8c-c55e-4693-a02a-6177e855c447,32d2ffd7-dbfd-4452-8f64-9ca02a33d51c,False
21688c8c-c55e-4693-a02a-6177e855c447,d5fc6914-1b45-4db3-8d7b-93662e994dfc,True
21688c8c-c55e-4693-a02a-6177e855c447,813383a0-7fc6-4a65-80a3-2378be9dd5b9,False
21688c8c-c55e-4693-a02a-6177e855c447,c6a9d671-867c-4aa8-8b96-14bce876b3b5,False
21688c8c-c55e-4693-a02a-6177e855c447,76ef05e5-46e1-434f-b5b0-3de39d5bb249,False
ed2d7709-9d51-40b7-ba24-1516f3a863f1,318db0bf-eff3-4176-9e56-3af7398610c6,False
ed2d7709-9d51-40b7-ba24-1516f3a863f1,3d35e662-e957-4eaa-b80f-420524f5f072,False
ed2d7709-9d51-40b7-ba24-1516f3a863f1,795a767e-ee3d-4a61-ab18-66cd406fdcd7,False
ed2d7709-9d51-40b7-ba24-1516f3a863f1,c931a9fb-0805-43e7-a919-acf3a7fa6edb,False
ed2d7709-9d51-40b7-ba24-1516f3a863f1,0d7ef19a-5067-4eea-b407-cb487a617a70,True
ed2d7709-9d51-40b7-ba24-1516f3a863f1,b164f9c2-ca4a-48e5-baf9-773aa02a8970,True
ed2d7709-9d51-40b7-ba24-1516f3a863f1,200bda18-6681-455d-9a1a-33f30b6cd1c9,False
ed2d7709-9d51-40b7-ba24-1516f3a863f1,f9380c62-bad6-4b21-9873-615c4138c9f0,False
ed2d7709-9d51-40b7-ba24-1516f3a863f1,6cb1750d-abbe-4654-8456-19d55361684e,False
ed2d7709-9d51-40b7-ba24-1516f3a863f1,d9cd13c6-77bd-4930-9a08-ba933ee627de,True
e2e5d28e-11b6-4d84-9a17-8cffd5e10fd6,091c8a5d-7327-48ad-ae9d-6ab2f2b1228f,False
e2e5d28e-11b6-4d84-9a17-8cffd5e10fd6,fa638a11-b94b-4c11-a032-63c2314ab0c1,False
e2e5d28e-11b6-4d84-9a17-8cffd5e10fd6,41f8724e-3734-4ca1-8369-4680dcc3150f,False
e2e5d28e-11b6-4d84-9a17-8cffd5e10fd6,d2434745-68e1-436f-b086-fe4057d85d98,False
e2e5d28e-11b6-4d84-9a17-8cffd5e10fd6,565f29db-8f4b-4345-a330-2bcf9df6139f,False
e2e5d28e-11b6-4d84-9a17-8cffd5e10fd6,cd294a49-7cbd-4082-bb88-1260b7e030c4,False
27857371-def4-4998-aef0-d423dbc10dbf,f8ea64ba-e486-4d73-a1ec-ab670fbfadac,False
27857371-def4-4998-aef0-d423dbc10dbf,a24b8f65-a674-41c6-8db4-0d3ae1fb5b0c,True
27857371-def4-4998-aef0-d423dbc10dbf,48e7d279-61be-4162-8674-0660e748fa63,False
27857371-def4-4998-aef0-d423dbc10dbf,88f93761-84ce-4b03-bed5-daf0158a872e,True
27857371-def4-4998-aef0-d423dbc10dbf,e89f6463-93c7-487d-8e2f-8bfba4b60b6c,False
27857371-def4-4998-aef0-d423dbc10dbf,fada94dc-e0fe-4ce7-8daa-0f80fb7d5f39,True
27857371-def4-4998-aef0-d423dbc10dbf,9d3979cd-6e10-43a8-835e-006003a1cb4b,False
27857371-def4-4998-aef0-d423dbc10dbf,e4ad0a50-b67d-4aff-aaf2-815b90e575c5,False
27857371-def4-4998-aef0-d423dbc10dbf,ffa0bcfc-3669-45da-b766-678c4ba68bcb,True
b84905ed-d855-4a2c-aab8-f2e76018d9ac,f8ea64ba-e486-4d73-a1ec-ab670fbfadac,True
b84905ed-d855-4a2c-aab8-f2e76018d9ac,d1839ec4-e7ba-46a3-87fd-d36326ab4edf,False
b84905ed-d855-4a2c-aab8-f2e76018d9ac,9a261637-fd3e-4ec7-a8de-5e5d1ffda6a4,True
b84905ed-d855-4a2c-aab8-f2e76018d9ac,ab46b1f5-a822-45b0-bdb2-11ccdcf98abf,False
b84905ed-d855-4a2c-aab8-f2e76018d9ac,03ed6792-a6e5-4bcc-a251-2502babe234b,False
b84905ed-d855-4a2c-aab8-f2e76018d9ac,4928b3b5-5b2c-43be-adfa-093b2841bce5,False
b84905ed-d855-4a2c-aab8-f2e76018d9ac,2264191d-1707-46d0-9cef-d72b0a05cb57,False
b84905ed-d855-4a2c-aab8-f2e76018d9ac,42827e1d-da01-477b-8537-53074e16ca40,False
b84905ed-d855-4a2c-aab8-f2e76018d9ac,bc5332e6-8b9e-4e10-b61c-270bee4d2f33,False
b431e1fd-5549-401d-9976-931d3a3d9501,4928b3b5-5b2c-43be-adfa-093b2841bce5,False
b431e1fd-5549-401d-9976-931d3a3d9501,70ba18d3-0818-4192-b019-561c8ac60542,True
b431e1fd-5549-401d-9976-931d3a3d9501,f0372169-f982-4448-907f-741894d5b5bf,False
b431e1fd-5549-401d-9976-931d3a3d9501,e37edf57-08ba-42fc-bc81-1e21fec201ab,False
b431e1fd-5549-401d-9976-931d3a3d9501,17c8b7db-486f-46e9-b140-0c002c1280bf,False
b431e1fd-5549-401d-9976-931d3a3d9501,3a0fd3f0-63b3-4f00-8cc7-383f8c922784,False
b431e1fd-5549-401d-9976-931d3a3d9501,b15190c0-3f8c-4085-8538-4ceddb11db9a,False
b431e1fd-5549-401d-9976-931d3a3d9501,e0d1c537-6096-46cc-9ad7-c4219d768378,False
b431e1fd-5549-401d-9976-931d3a3d9501,dc5b7fab-f2c5-4c74-94f0-fede30341a00,False
7e7a94ab-f344-45ce-999e-7b3f4f188183,d2434745-68e1-436f-b086-fe4057d85d98,False
7e7a94ab-f344-45ce-999e-7b3f4f188183,ec1d2534-2dfd-4ddc-ab7d-1673b2bea6cd,False
7e7a94ab-f344-45ce-999e-7b3f4f188183,17c8b7db-486f-46e9-b140-0c002c1280bf,False
7e7a94ab-f344-45ce-999e-7b3f4f188183,f0372169-f982-4448-907f-741894d5b5bf,False
7e7a94ab-f344-45ce-999e-7b3f4f188183,6cb1750d-abbe-4654-8456-19d55361684e,False
7e7a94ab-f344-45ce-999e-7b3f4f188183,f4beb065-aa68-4031-a429-d7c03ce6fdb7,False
7e7a94ab-f344-45ce-999e-7b3f4f188183,88f93761-84ce-4b03-bed5-daf0158a872e,False
7e7a94ab-f344-45ce-999e-7b3f4f188183,fa638a11-b94b-4c11-a032-63c2314ab0c1,False
7e7a94ab-f344-45ce-999e-7b3f4f188183,2e24f8bb-3803-41a5-b835-4ac289233f6d,False
7e7a94ab-f344-45ce-999e-7b3f4f188183,387cabec-3b60-455a-9e31-e13874280a59,False
ca436e6f-f767-4f62-8bce-157daaf0c63f,f54fb83f-7f8c-4f25-a2f6-05f014268f37,False
ca436e6f-f767-4f62-8bce-157daaf0c63f,ba359adf-9a74-4ecd-a072-6d8a10c0fbe8,False
ca436e6f-f767-4f62-8bce-157daaf0c63f,33764feb-6eeb-44f7-a3c7-8a629ae77185,False
ca436e6f-f767-4f62-8bce-157daaf0c63f,fac47c76-be3d-4b7f-954b-f5d488399c58,False
ca436e6f-f767-4f62-8bce-157daaf0c63f,fa638a11-b94b-4c11-a032-63c2314ab0c1,False
ca436e6f-f767-4f62-8bce-157daaf0c63f,88f93761-84ce-4b03-bed5-daf0158a872e,False
8e8731cb-7373-49cd-a102-33f8ee18abd1,e0d1c537-6096-46cc-9ad7-c4219d768378,True
8e8731cb-7373-49cd-a102-33f8ee18abd1,d9cd13c6-77bd-4930-9a08-ba933ee627de,True
8e8731cb-7373-49cd-a102-33f8ee18abd1,2c0dabe6-e629-45f1-b8bc-3b866e8c86c2,False
8e8731cb-7373-49cd-a102-33f8ee18abd1,c4536aa2-9ddc-4e91-b2a9-b6f08dfa94c1,False
8e8731cb-7373-49cd-a102-33f8ee18abd1,2a5ee383-abb4-4dd2-8efa-7f5df439f8a1,False
8e8731cb-7373-49cd-a102-33f8ee18abd1,f9e24e28-02ab-4cf3-8fe0-647b2336c8ab,False
8e8731cb-7373-49cd-a102-33f8ee18abd1,ba359adf-9a74-4ecd-a072-6d8a10c0fbe8,False
8e8731cb-7373-49cd-a102-33f8ee18abd1,795a767e-ee3d-4a61-ab18-66cd406fdcd7,False
8e8731cb-7373-49cd-a102-33f8ee18abd1,4a032fa3-69ad-44f3-b0aa-808fb39770af,True
8e8731cb-7373-49cd-a102-33f8ee18abd1,3c0152ab-a2c4-414f-99da-7006f85a7d9d,False
3419d770-e0d4-4590-b02c-4531e3c70110,4c07ffe5-6992-49c8-a8d4-cf7559c3c896,False
3419d770-e0d4-4590-b02c-4531e3c70110,48e7d279-61be-4162-8674-0660e748fa63,True
3419d770-e0d4-4590-b02c-4531e3c70110,88f93761-84ce-4b03-bed5-daf0158a872e,True
3419d770-e0d4-4590-b02c-4531e3c70110,03ed6792-a6e5-4bcc-a251-2502babe234b,False
3419d770-e0d4-4590-b02c-4531e3c70110,bfb1a350-e49f-4b55-981b-08fab2fd9d07,False
a929494c-86aa-4582-a468-56aad030aab2,03ed6792-a6e5-4bcc-a251-2502babe234b,False
a929494c-86aa-4582-a468-56aad030aab2,48e7d279-61be-4162-8674-0660e748fa63,True
a929494c-86aa-4582-a468-56aad030aab2,f9e24e28-02ab-4cf3-8fe0-647b2336c8ab,False
a929494c-86aa-4582-a468-56aad030aab2,d9cd13c6-77bd-4930-9a08-ba933ee627de,True
a929494c-86aa-4582-a468-56aad030aab2,dd60017d-ae3e-42a0-aca2-a26caa0665e8,False
a929494c-86aa-4582-a468-56aad030aab2,188781a6-b04b-4ae5-8689-18be9ed39099,True
a929494c-86aa-4582-a468-56aad030aab2,5bcd15b5-50af-46b6-82be-48b80362d49e,False
a929494c-86aa-4582-a468-56aad030aab2,6838126d-0e83-4378-8c28-ae8249ecec6f,False
a929494c-86aa-4582-a468-56aad030aab2,4450377c-0503-445f-882b-e167fc05a084,False
1a3217ba-b9e3-454b-8b49-c92b25792adc,42827e1d-da01-477b-8537-53074e16ca40,True
1a3217ba-b9e3-454b-8b49-c92b25792adc,6cb1750d-abbe-4654-8456-19d55361684e,False
1a3217ba-b9e3-454b-8b49-c92b25792adc,9a261637-fd3e-4ec7-a8de-5e5d1ffda6a4,False
1a3217ba-b9e3-454b-8b49-c92b25792adc,3d35e662-e957-4eaa-b80f-420524f5f072,False
1a3217ba-b9e3-454b-8b49-c92b25792adc,32d2ffd7-dbfd-4452-8f64-9ca02a33d51c,True
1a3217ba-b9e3-454b-8b49-c92b25792adc,ab46b1f5-a822-45b0-bdb2-11ccdcf98abf,False
1a3217ba-b9e3-454b-8b49-c92b25792adc,76ef05e5-46e1-434f-b5b0-3de39d5bb249,False
1a3217ba-b9e3-454b-8b49-c92b25792adc,dd60017d-ae3e-42a0-aca2-a26caa0665e8,False
1a3217ba-b9e3-454b-8b49-c92b25792adc,8b85df92-0f67-46b5-b438-d5afdb0e721b,False
1a3217ba-b9e3-454b-8b49-c92b25792adc,ca73d2bb-0870-423d-8228-2247c1a83802,False
95a1c6f4-2819-4df5-9762-a79288a860d3,5bcd15b5-50af-46b6-82be-48b80362d49e,False
95a1c6f4-2819-4df5-9762-a79288a860d3,1424c412-731c-4ddb-b69f-8ae4348b46fc,False
95a1c6f4-2819-4df5-9762-a79288a860d3,98e1f173-1b0c-4a7f-b929-bd453c536bf8,False
95a1c6f4-2819-4df5-9762-a79288a860d3,83af4e7f-f9c5-4f84-8772-8db65c848671,False
95a1c6f4-2819-4df5-9762-a79288a860d3,dc5b7fab-f2c5-4c74-94f0-fede30341a00,True
95a1c6f4-2819-4df5-9762-a79288a860d3,78644f53-c1d0-48c8-9f52-1ba3edf3f7eb,False
95a1c6f4-2819-4df5-9762-a79288a860d3,4d202907-97b4-4c71-a081-6ffeca051e0c,False
95a1c6f4-2819-4df5-9762-a79288a860d3,02a9af0a-3fe8-4987-a939-744de97d97f9,True
d7ee95ab-4646-4831-8e16-3318ac475fa1,4a032fa3-69ad-44f3-b0aa-808fb39770af,False
d7ee95ab-4646-4831-8e16-3318ac475fa1,200bda18-6681-455d-9a1a-33f30b6cd1c9,False
d7ee95ab-4646-4831-8e16-3318ac475fa1,c931a9fb-0805-43e7-a919-acf3a7fa6edb,False
d7ee95ab-4646-4831-8e16-3318ac475fa1,5bcd15b5-50af-46b6-82be-48b80362d49e,False
d7ee95ab-4646-4831-8e16-3318ac475fa1,d2434745-68e1-436f-b086-fe4057d85d98,False
d7ee95ab-4646-4831-8e16-3318ac475fa1,5788f738-cebe-42d3-9c40-035b3389834d,False
d7ee95ab-4646-4831-8e16-3318ac475fa1,35e54486-8e65-46f5-9e7d-c48ad7c97193,False
d7ee95ab-4646-4831-8e16-3318ac475fa1,42827e1d-da01-477b-8537-53074e16ca40,False
d7ee95ab-4646-4831-8e16-3318ac475fa1,20bf2fa7-82b1-4df0-85fa-37c0f81be40a,False
d7ee95ab-4646-4831-8e16-3318ac475fa1,f9380c62-bad6-4b21-9873-615c4138c9f0,False
47e7f8ca-6f18-4b03-a171-042483bea171,fada94dc-e0fe-4ce7-8daa-0f80fb7d5f39,False
47e7f8ca-6f18-4b03-a171-042483bea171,7be66667-34bf-4fc4-a1f4-a03b37a1b9aa,True
47e7f8ca-6f18-4b03-a171-042483bea171,f0372169-f982-4448-907f-741894d5b5bf,False
47e7f8ca-6f18-4b03-a171-042483bea171,4928b3b5-5b2c-43be-adfa-093b2841bce5,False
47e7f8ca-6f18-4b03-a171-042483bea171,4d202907-97b4-4c71-a081-6ffeca051e0c,False
47e7f8ca-6f18-4b03-a171-042483bea171,565f29db-8f4b-4345-a330-2bcf9df6139f,False
47e7f8ca-6f18-4b03-a171-042483bea171,a1dacd6d-cba4-4482-9048-f05754bec294,False
f208fe65-10ee-4624-92fa-abf85ed5813a,3c0152ab-a2c4-414f-99da-7006f85a7d9d,False
f208fe65-10ee-4624-92fa-abf85ed5813a,1424c412-731c-4ddb-b69f-8ae4348b46fc,False
f208fe65-10ee-4624-92fa-abf85ed5813a,5fc07310-b4ca-42b3-a810-df66d510d03d,False
f208fe65-10ee-4624-92fa-abf85ed5813a,cd294a49-7cbd-4082-bb88-1260b7e030c4,False
f208fe65-10ee-4624-92fa-abf85ed5813a,d2434745-68e1-436f-b086-fe4057d85d98,False
f208fe65-10ee-4624-92fa-abf85ed5813a,68ead65d-3799-4089-9eac-9e443938b42c,True
8032fc62-eee9-4631-94b3-6537756011d1,dc5b7fab-f2c5-4c74-94f0-fede30341a00,True
8032fc62-eee9-4631-94b3-6537756011d1,d9cd13c6-77bd-4930-9a08-ba933ee627de,False
8032fc62-eee9-4631-94b3-6537756011d1,06b2ba00-66a2-4c95-a3a0-c0f820e2e531,False
8032fc62-eee9-4631-94b3-6537756011d1,dd60017d-ae3e-42a0-aca2-a26caa0665e8,False
8032fc62-eee9-4631-94b3-6537756011d1,b164f9c2-ca4a-48e5-baf9-773aa02a8970,False
8032fc62-eee9-4631-94b3-6537756011d1,c7e66d5a-99a8-40ed-9d5d-cc6af5d44911,False
8032fc62-eee9-4631-94b3-6537756011d1,ad3003b5-3e11-4579-aa3a-9f8c881c0073,False
8032fc62-eee9-4631-94b3-6537756011d1,41f8724e-3734-4ca1-8369-4680dcc3150f,False
8032fc62-eee9-4631-94b3-6537756011d1,c6a9d671-867c-4aa8-8b96-14bce876b3b5,True
8032fc62-eee9-4631-94b3-6537756011d1,f4beb065-aa68-4031-a429-d7c03ce6fdb7,False
a45879da-d564-4ec6-b4cf-3c4ab5393c74,02a9af0a-3fe8-4987-a939-744de97d97f9,False
a45879da-d564-4ec6-b4cf-3c4ab5393c74,76ef05e5-46e1-434f-b5b0-3de39d5bb249,False
a45879da-d564-4ec6-b4cf-3c4ab5393c74,4f42e69f-fd02-4cfb-8e0b-4671b43c88ce,True
a45879da-d564-4ec6-b4cf-3c4ab5393c74,33764feb-6eeb-44f7-a3c7-8a629ae77185,True
a45879da-d564-4ec6-b4cf-3c4ab5393c74,8b85df92-0f67-46b5-b438-d5afdb0e721b,True
a45879da-d564-4ec6-b4cf-3c4ab5393c74,42827e1d-da01-477b-8537-53074e16ca40,False
a45879da-d564-4ec6-b4cf-3c4ab5393c74,7be66667-34bf-4fc4-a1f4-a03b37a1b9aa,False
a45879da-d564-4ec6-b4cf-3c4ab5393c74,dd60017d-ae3e-42a0-aca2-a26caa0665e8,False
a45879da-d564-4ec6-b4cf-3c4ab5393c74,72298cc4-89d8-4447-858f-ba7f6c2e7096,False
a45879da-d564-4ec6-b4cf-3c4ab5393c74,7d7b0dbb-a8cf-479b-a38b-8c88a7343cd9,False
22ca4376-ad88-41e9-bc20-f44f270765f8,9a9ebfe5-84c1-4ff6-baf4-735c54ca9614,False
22ca4376-ad88-41e9-bc20-f44f270765f8,dc95222f-7679-4ecb-b00e-33d1f9bf8108,False
22ca4376-ad88-41e9-bc20-f44f270765f8,fceaa7a3-2ede-4e36-b5d0-07cbd2098f5a,False
22ca4376-ad88-41e9-bc20-f44f270765f8,bc5332e6-8b9e-4e10-b61c-270bee4d2f33,True
22ca4376-ad88-41e9-bc20-f44f270765f8,29084bf8-0fbd-46c1-b03e-ee59a61bd1b3,False
22ca4376-ad88-41e9-bc20-f44f270765f8,b15190c0-3f8c-4085-8538-4ceddb11db9a,False
22ca4376-ad88-41e9-bc20-f44f270765f8,387cabec-3b60-455a-9e31-e13874280a59,False
22ca4376-ad88-41e9-bc20-f44f270765f8,2721571f-c2de-4ef9-a435-bafc3974fd56,False
22ca4376-ad88-41e9-bc20-f44f270765f8,48e7d279-61be-4162-8674-0660e748fa63,False
22ca4376-ad88-41e9-bc20-f44f270765f8,57a2ffa8-9b41-4e46-9091-127ce5563a92,True
cc087b88-c5e2-4ebb-b1fb-89dc3fc801e6,57a2ffa8-9b41-4e46-9091-127ce5563a92,False
cc087b88-c5e2-4ebb-b1fb-89dc3fc801e6,3e404b2f-5e29-41a2-ac9a-4dd45a02dfdf,False
cc087b88-c5e2-4ebb-b1fb-89dc3fc801e6,fceaa7a3-2ede-4e36-b5d0-07cbd2098f5a,False
cc087b88-c5e2-4ebb-b1fb-89dc3fc801e6,4f42e69f-fd02-4cfb-8e0b-4671b43c88ce,True
cc087b88-c5e2-4ebb-b1fb-89dc3fc801e6,ad3003b5-3e11-4579-aa3a-9f8c881c0073,False
df6d8804-120f-4645-8251-ea67c4706fc3,95986ff4-f224-434d-aecf-5b6895fa021d,False
df6d8804-120f-4645-8251-ea67c4706fc3,ab46b1f5-a822-45b0-bdb2-11ccdcf98abf,False
df6d8804-120f-4645-8251-ea67c4706fc3,f9380c62-bad6-4b21-9873-615c4138c9f0,True
df6d8804-120f-4645-8251-ea67c4706fc3,02a9af0a-3fe8-4987-a939-744de97d97f9,False
df6d8804-120f-4645-8251-ea67c4706fc3,d5fc6914-1b45-4db3-8d7b-93662e994dfc,False
df6d8804-120f-4645-8251-ea67c4706fc3,06b2ba00-66a2-4c95-a3a0-c0f820e2e531,False
df6d8804-120f-4645-8251-ea67c4706fc3,33764feb-6eeb-44f7-a3c7-8a629ae77185,False
df6d8804-120f-4645-8251-ea67c4706fc3,4fccc964-946d-46d1-947d-fcc71c15eafc,False
d391a684-4796-4354-9909-9ed06e3f13dc,2c0dabe6-e629-45f1-b8bc-3b866e8c86c2,False
d391a684-4796-4354-9909-9ed06e3f13dc,200bda18-6681-455d-9a1a-33f30b6cd1c9,False
d391a684-4796-4354-9909-9ed06e3f13dc,444e42c2-f419-47ba-aa3b-debea39b5305,False
d391a684-4796-4354-9909-9ed06e3f13dc,b2d20cd9-e2a3-405f-a7e6-6b57d07e1d4b,False
d391a684-4796-4354-9909-9ed06e3f13dc,cd294a49-7cbd-4082-bb88-1260b7e030c4,False
d391a684-4796-4354-9909-9ed06e3f13dc,b5993aad-685b-44e3-81da-6b78579de076,False
d391a684-4796-4354-9909-9ed06e3f13dc,95986ff4-f224-434d-aecf-5b6895fa021d,False
d391a684-4796-4354-9909-9ed06e3f13dc,4fccc964-946d-46d1-947d-fcc71c15eafc,False
d391a684-4796-4354-9909-9ed06e3f13dc,9014a456-74b2-4653-a977-ed090f0496f5,True
d391a684-4796-4354-9909-9ed06e3f13dc,c4536aa2-9ddc-4e91-b2a9-b6f08dfa94c1,False
13482ffd-b21f-4251-ad36-7c64dece7822,2721571f-c2de-4ef9-a435-bafc3974fd56,False
13482ffd-b21f-4251-ad36-7c64dece7822,200bda18-6681-455d-9a1a-33f30b6cd1c9,False
13482ffd-b21f-4251-ad36-7c64dece7822,48e7d279-61be-4162-8674-0660e748fa63,False
13482ffd-b21f-4251-ad36-7c64dece7822,4450377c-0503-445f-882b-e167fc05a084,True
13482ffd-b21f-4251-ad36-7c64dece7822,5788f738-cebe-42d3-9c40-035b3389834d,True
13482ffd-b21f-4251-ad36-7c64dece7822,091c8a5d-7327-48ad-ae9d-6ab2f2b1228f,False
13482ffd-b21f-4251-ad36-7c64dece7822,1988cfb0-6486-421d-bad6-0526f3124d44,True
13482ffd-b21f-4251-ad36-7c64dece7822,9014a456-74b2-4653-a977-ed090f0496f5,False
6763c93a-b438-48e5-be1d-c838658edbb8,f9e24e28-02ab-4cf3-8fe0-647b2336c8ab,True
6763c93a-b438-48e5-be1d-c838658edbb8,0d7ef19a-5067-4eea-b407-cb487a617a70,False
6763c93a-b438-48e5-be1d-c838658edbb8,9a261637-fd3e-4ec7-a8de-5e5d1ffda6a4,False
6763c93a-b438-48e5-be1d-c838658edbb8,565f29db-8f4b-4345-a330-2bcf9df6139f,False
6763c93a-b438-48e5-be1d-c838658edbb8,57a2ffa8-9b41-4e46-9091-127ce5563a92,True
6763c93a-b438-48e5-be1d-c838658edbb8,3e404b2f-5e29-41a2-ac9a-4dd45a02dfdf,False
6763c93a-b438-48e5-be1d-c838658edbb8,4fccc964-946d-46d1-947d-fcc71c15eafc,False
6763c93a-b438-48e5-be1d-c838658edbb8,b15190c0-3f8c-4085-8538-4ceddb11db9a,False
6763c93a-b438-48e5-be1d-c838658edbb8,cd294a49-7cbd-4082-bb88-1260b7e030c4,False
c882a0e7-d465-45cc-89ce-d50fb90429e1,e89f6463-93c7-487d-8e2f-8bfba4b60b6c,False
c882a0e7-d465-45cc-89ce-d50fb90429e1,d9cd13c6-77bd-4930-9a08-ba933ee627de,True
c882a0e7-d465-45cc-89ce-d50fb90429e1,361b4d13-8598-475d-ab9a-b5b25d01df0c,False
c882a0e7-d465-45cc-89ce-d50fb90429e1,e0d1c537-6096-46cc-9ad7-c4219d768378,True
c882a0e7-d465-45cc-89ce-d50fb90429e1,48e7d279-61be-4162-8674-0660e748fa63,True
861313ba-292d-45ba-bc1d-841a0c40b46b,fac47c76-be3d-4b7f-954b-f5d488399c58,False
861313ba-292d-45ba-bc1d-841a0c40b46b,318db0bf-eff3-4176-9e56-3af7398610c6,False
861313ba-292d-45ba-bc1d-841a0c40b46b,ad3003b5-3e11-4579-aa3a-9f8c881c0073,True
861313ba-292d-45ba-bc1d-841a0c40b46b,b15190c0-3f8c-4085-8538-4ceddb11db9a,False
861313ba-292d-45ba-bc1d-841a0c40b46b,cd294a49-7cbd-4082-bb88-1260b7e030c4,False
861313ba-292d-45ba-bc1d-841a0c40b46b,c931a9fb-0805-43e7-a919-acf3a7fa6edb,False
1e0447f6-2e6c-4573-a904-5c4325df9408,17c8b7db-486f-46e9-b140-0c002c1280bf,False
1e0447f6-2e6c-4573-a904-5c4325df9408,b5993aad-685b-44e3-81da-6b78579de076,True
1e0447f6-2e6c-4573-a904-5c4325df9408,e4ad0a50-b67d-4aff-aaf2-815b90e575c5,False
1e0447f6-2e6c-4573-a904-5c4325df9408,48e7d279-61be-4162-8674-0660e748fa63,False
1e0447f6-2e6c-4573-a904-5c4325df9408,bc5332e6-8b9e-4e10-b61c-270bee4d2f33,False
1e0447f6-2e6c-4573-a904-5c4325df9408,20bf2fa7-82b1-4df0-85fa-37c0f81be40a,False
a0cf0f43-62ab-4c26-8265-dbbbd4720457,e4ad0a50-b67d-4aff-aaf2-815b90e575c5,True
a0cf0f43-62ab-4c26-8265-dbbbd4720457,02a9af0a-3fe8-4987-a939-744de97d97f9,True
a0cf0f43-62ab-4c26-8265-dbbbd4720457,f8ea64ba-e486-4d73-a1ec-ab670fbfadac,True
a0cf0f43-62ab-4c26-8265-dbbbd4720457,9a261637-fd3e-4ec7-a8de-5e5d1ffda6a4,False
a0cf0f43-62ab-4c26-8265-dbbbd4720457,33764feb-6eeb-44f7-a3c7-8a629ae77185,False
a0cf0f43-62ab-4c26-8265-dbbbd4720457,48822468-ac84-4d29-9f1e-ff641ff31876,False
a0cf0f43-62ab-4c26-8265-dbbbd4720457,9d3979cd-6e10-43a8-835e-006003a1cb4b,False
d33f718d-97b6-4d42-adc1-856b31ded5b4,e0d1c537-6096-46cc-9ad7-c4219d768378,False
d33f718d-97b6-4d42-adc1-856b31ded5b4,ba359adf-9a74-4ecd-a072-6d8a10c0fbe8,False
d33f718d-97b6-4d42-adc1-856b31ded5b4,6baad9a1-0ef6-40d1-b0f1-1028340cd0c2,True
d33f718d-97b6-4d42-adc1-856b31ded5b4,72298cc4-89d8-4447-858f-ba7f6c2e7096,False
d33f718d-97b6-4d42-adc1-856b31ded5b4,444e42c2-f419-47ba-aa3b-debea39b5305,False
accbab95-20f1-4c0a-8565-c6c7bf51f209,9a261637-fd3e-4ec7-a8de-5e5d1ffda6a4,False
accbab95-20f1-4c0a-8565-c6c7bf51f209,dd60017d-ae3e-42a0-aca2-a26caa0665e8,False
accbab95-20f1-4c0a-8565-c6c7bf51f209,e41c83a6-9043-4d5f-8e1d-fc903418929c,False
accbab95-20f1-4c0a-8565-c6c7bf51f209,c7e66d5a-99a8-40ed-9d5d-cc6af5d44911,False
accbab95-20f1-4c0a-8565-c6c7bf51f209,72298cc4-89d8-4447-858f-ba7f6c2e7096,False
accbab95-20f1-4c0a-8565-c6c7bf51f209,68ead65d-3799-4089-9eac-9e443938b42c,False
accbab95-20f1-4c0a-8565-c6c7bf51f209,c6131461-403e-46f3-a89e-cd0051e0a7b4,False
5dc572d1-0cf6-49bc-82db-cca1cec41bdc,9434de83-4f06-443b-a159-307851837913,False
5dc572d1-0cf6-49bc-82db-cca1cec41bdc,b2d20cd9-e2a3-405f-a7e6-6b57d07e1d4b,True
5dc572d1-0cf6-49bc-82db-cca1cec41bdc,c931a9fb-0805-43e7-a919-acf3a7fa6edb,False
5dc572d1-0cf6-49bc-82db-cca1cec41bdc,ad3003b5-3e11-4579-aa3a-9f8c881c0073,False
5dc572d1-0cf6-49bc-82db-cca1cec41bdc,b15190c0-3f8c-4085-8538-4ceddb11db9a,False
0635c0f9-a180-476d-b81a-d65da19c78f3,ffa0bcfc-3669-45da-b766-678c4ba68bcb,True
0635c0f9-a180-476d-b81a-d65da19c78f3,57a2ffa8-9b41-4e46-9091-127ce5563a92,False
0635c0f9-a180-476d-b81a-d65da19c78f3,78644f53-c1d0-48c8-9f52-1ba3edf3f7eb,True
0635c0f9-a180-476d-b81a-d65da19c78f3,a24b8f65-a674-41c6-8db4-0d3ae1fb5b0c,False
0635c0f9-a180-476d-b81a-d65da19c78f3,42827e1d-da01-477b-8537-53074e16ca40,True
0635c0f9-a180-476d-b81a-d65da19c78f3,aa6f5b77-fe8b-4823-92ec-a7970aefc03c,False
e4d8c7fb-aa64-4add-baad-53edc016a012,6cb1750d-abbe-4654-8456-19d55361684e,True
e4d8c7fb-aa64-4add-baad-53edc016a012,95986ff4-f224-434d-aecf-5b6895fa021d,False
e4d8c7fb-aa64-4add-baad-53edc016a012,f4beb065-aa68-4031-a429-d7c03ce6fdb7,False
e4d8c7fb-aa64-4add-baad-53edc016a012,387cabec-3b60-455a-9e31-e13874280a59,False
e4d8c7fb-aa64-4add-baad-53edc016a012,542dd424-3fc8-44b9-9a6e-9240d7d77634,True
e4d8c7fb-aa64-4add-baad-53edc016a012,444e42c2-f419-47ba-aa3b-debea39b5305,True
e4d8c7fb-aa64-4add-baad-53edc016a012,ab46b1f5-a822-45b0-bdb2-11ccdcf98abf,False
e4d8c7fb-aa64-4add-baad-53edc016a012,188781a6-b04b-4ae5-8689-18be9ed39099,False
e4d8c7fb-aa64-4add-baad-53edc016a012,88f93761-84ce-4b03-bed5-daf0158a872e,False
e4d8c7fb-aa64-4add-baad-53edc016a012,f54fb83f-7f8c-4f25-a2f6-05f014268f37,False
308a0528-eae0-4450-b8ea-cd77a428a371,e89f6463-93c7-487d-8e2f-8bfba4b60b6c,False
308a0528-eae0-4450-b8ea-cd77a428a371,7d7b0dbb-a8cf-479b-a38b-8c88a7343cd9,True
308a0528-eae0-4450-b8ea-cd77a428a371,33764feb-6eeb-44f7-a3c7-8a629ae77185,False
308a0528-eae0-4450-b8ea-cd77a428a371,02a9af0a-3fe8-4987-a939-744de97d97f9,False
308a0528-eae0-4450-b8ea-cd77a428a371,4d202907-97b4-4c71-a081-6ffeca051e0c,True
308a0528-eae0-4450-b8ea-cd77a428a371,319ff1d8-6ca9-4572-a2bd-4aa6306a5a37,False
308a0528-eae0-4450-b8ea-cd77a428a371,387cabec-3b60-455a-9e31-e13874280a59,False
308a0528-eae0-4450-b8ea-cd77a428a371,17c8b7db-486f-46e9-b140-0c002c1280bf,True
24e6327b-5650-473d-9ec7-3ec0316cda54,d2434745-68e1-436f-b086-fe4057d85d98,False
24e6327b-5650-473d-9ec7-3ec0316cda54,03ed6792-a6e5-4bcc-a251-2502babe234b,False
24e6327b-5650-473d-9ec7-3ec0316cda54,8b85df92-0f67-46b5-b438-d5afdb0e721b,False
24e6327b-5650-473d-9ec7-3ec0316cda54,57a2ffa8-9b41-4e46-9091-127ce5563a92,True
24e6327b-5650-473d-9ec7-3ec0316cda54,35e54486-8e65-46f5-9e7d-c48ad7c97193,False
24e6327b-5650-473d-9ec7-3ec0316cda54,ec1d2534-2dfd-4ddc-ab7d-1673b2bea6cd,True
24e6327b-5650-473d-9ec7-3ec0316cda54,1988cfb0-6486-421d-bad6-0526f3124d44,True
24e6327b-5650-473d-9ec7-3ec0316cda54,b2d20cd9-e2a3-405f-a7e6-6b57d07e1d4b,False
0db50f0e-3cc8-4d1c-9051-6e89cd39c5a0,5bcd15b5-50af-46b6-82be-48b80362d49e,False
0db50f0e-3cc8-4d1c-9051-6e89cd39c5a0,2c3e65c7-ab41-4549-9c6c-fcd2ad2ee5b4,True
0db50f0e-3cc8-4d1c-9051-6e89cd39c5a0,fa638a11-b94b-4c11-a032-63c2314ab0c1,True
0db50f0e-3cc8-4d1c-9051-6e89cd39c5a0,387cabec-3b60-455a-9e31-e13874280a59,False
0db50f0e-3cc8-4d1c-9051-6e89cd39c5a0,9a9ebfe5-84c1-4ff6-baf4-735c54ca9614,False
0db50f0e-3cc8-4d1c-9051-6e89cd39c5a0,337f94fe-cc55-4202-a2cf-4e8305c49262,False
0db50f0e-3cc8-4d1c-9051-6e89cd39c5a0,83af4e7f-f9c5-4f84-8772-8db65c848671,False
e5937b13-956c-4aff-9d64-73e180a77f99,d5fc6914-1b45-4db3-8d7b-93662e994dfc,False
e5937b13-956c-4aff-9d64-73e180a77f99,4f42e69f-fd02-4cfb-8e0b-4671b43c88ce,False
e5937b13-956c-4aff-9d64-73e180a77f99,f9380c62-bad6-4b21-9873-615c4138c9f0,False
e5937b13-956c-4aff-9d64-73e180a77f99,200bda18-6681-455d-9a1a-33f30b6cd1c9,False
e5937b13-956c-4aff-9d64-73e180a77f99,a1dacd6d-cba4-4482-9048-f05754bec294,False
e5937b13-956c-4aff-9d64-73e180a77f99,ba359adf-9a74-4ecd-a072-6d8a10c0fbe8,False
e5937b13-956c-4aff-9d64-73e180a77f99,7d7b0dbb-a8cf-479b-a38b-8c88a7343cd9,False
e5937b13-956c-4aff-9d64-73e180a77f99,e89f6463-93c7-487d-8e2f-8bfba4b60b6c,True
e5937b13-956c-4aff-9d64-73e180a77f99,4450377c-0503-445f-882b-e167fc05a084,True
23a139f0-289c-4567-a7a6-024134aa3f1a,02a9af0a-3fe8-4987-a939-744de97d97f9,False
23a139f0-289c-4567-a7a6-024134aa3f1a,b5993aad-685b-44e3-81da-6b78579de076,False
23a139f0-289c-4567-a7a6-024134aa3f1a,dc5b7fab-f2c5-4c74-94f0-fede30341a00,False
23a139f0-289c-4567-a7a6-024134aa3f1a,337f94fe-cc55-4202-a2cf-4e8305c49262,False
23a139f0-289c-4567-a7a6-024134aa3f1a,6cb1750d-abbe-4654-8456-19d55361684e,False
6dea04ef-eec2-44aa-a595-919f9af3e6fb,9014a456-74b2-4653-a977-ed090f0496f5,False
6dea04ef-eec2-44aa-a595-919f9af3e6fb,02a9af0a-3fe8-4987-a939-744de97d97f9,False
6dea04ef-eec2-44aa-a595-919f9af3e6fb,f0372169-f982-4448-907f-741894d5b5bf,False
6dea04ef-eec2-44aa-a595-919f9af3e6fb,7be66667-34bf-4fc4-a1f4-a03b37a1b9aa,True
6dea04ef-eec2-44aa-a595-919f9af3e6fb,48e7d279-61be-4162-8674-0660e748fa63,False
6dea04ef-eec2-44aa-a595-919f9af3e6fb,d2434745-68e1-436f-b086-fe4057d85d98,False
6dea04ef-eec2-44aa-a595-919f9af3e6fb,29084bf8-0fbd-46c1-b03e-ee59a61bd1b3,False
e92bddb8-9b20-40bf-8fc3-811659707d7b,70ba18d3-0818-4192-b019-561c8ac60542,True
e92bddb8-9b20-40bf-8fc3-811659707d7b,8b85df92-0f67-46b5-b438-d5afdb0e721b,False
e92bddb8-9b20-40bf-8fc3-811659707d7b,ad3003b5-3e11-4579-aa3a-9f8c881c0073,False
e92bddb8-9b20-40bf-8fc3-811659707d7b,03ed6792-a6e5-4bcc-a251-2502babe234b,False
e92bddb8-9b20-40bf-8fc3-811659707d7b,72298cc4-89d8-4447-858f-ba7f6c2e7096,False
e92bddb8-9b20-40bf-8fc3-811659707d7b,ec1d2534-2dfd-4ddc-ab7d-1673b2bea6cd,False
e92bddb8-9b20-40bf-8fc3-811659707d7b,1988cfb0-6486-421d-bad6-0526f3124d44,False
e92bddb8-9b20-40bf-8fc3-811659707d7b,d2434745-68e1-436f-b086-fe4057d85d98,True
e92bddb8-9b20-40bf-8fc3-811659707d7b,d5fc6914-1b45-4db3-8d7b-93662e994dfc,True
9f564c7e-a66a-4d60-93ff-566634c0d9eb,20bf2fa7-82b1-4df0-85fa-37c0f81be40a,True
9f564c7e-a66a-4d60-93ff-566634c0d9eb,3c0152ab-a2c4-414f-99da-7006f85a7d9d,False
9f564c7e-a66a-4d60-93ff-566634c0d9eb,fceaa7a3-2ede-4e36-b5d0-07cbd2098f5a,False
9f564c7e-a66a-4d60-93ff-566634c0d9eb,c4536aa2-9ddc-4e91-b2a9-b6f08dfa94c1,False
9f564c7e-a66a-4d60-93ff-566634c0d9eb,813383a0-7fc6-4a65-80a3-2378be9dd5b9,False
e1850e4b-e020-4b6c-a7e4-722c7433166f,091c8a5d-7327-48ad-ae9d-6ab2f2b1228f,True
e1850e4b-e020-4b6c-a7e4-722c7433166f,76ef05e5-46e1-434f-b5b0-3de39d5bb249,False
e1850e4b-e020-4b6c-a7e4-722c7433166f,1424c412-731c-4ddb-b69f-8ae4348b46fc,False
e1850e4b-e020-4b6c-a7e4-722c7433166f,03ed6792-a6e5-4bcc-a251-2502babe234b,False
e1850e4b-e020-4b6c-a7e4-722c7433166f,3d35e662-e957-4eaa-b80f-420524f5f072,False
e1850e4b-e020-4b6c-a7e4-722c7433166f,83af4e7f-f9c5-4f84-8772-8db65c848671,False
e1850e4b-e020-4b6c-a7e4-722c7433166f,41f8724e-3734-4ca1-8369-4680dcc3150f,True
e1850e4b-e020-4b6c-a7e4-722c7433166f,f4beb065-aa68-4031-a429-d7c03ce6fdb7,True
e1850e4b-e020-4b6c-a7e4-722c7433166f,a1dacd6d-cba4-4482-9048-f05754bec294,True
87832d28-254a-4a0b-8370-c6214e199fb5,6838126d-0e83-4378-8c28-ae8249ecec6f,False
87832d28-254a-4a0b-8370-c6214e199fb5,cd294a49-7cbd-4082-bb88-1260b7e030c4,False
87832d28-254a-4a0b-8370-c6214e199fb5,444e42c2-f419-47ba-aa3b-debea39b5305,False
87832d28-254a-4a0b-8370-c6214e199fb5,7c101f53-790a-4537-b66b-8ac9097c70cc,False
87832d28-254a-4a0b-8370-c6214e199fb5,318db0bf-eff3-4176-9e56-3af7398610c6,True
87832d28-254a-4a0b-8370-c6214e199fb5,98e1f173-1b0c-4a7f-b929-bd453c536bf8,False
59a4179c-895b-4b1f-a90f-fc9f78b93986,2cb699a0-8278-40a8-8659-bf68fbb00d2b,True
59a4179c-895b-4b1f-a90f-fc9f78b93986,20bf2fa7-82b1-4df0-85fa-37c0f81be40a,False
59a4179c-895b-4b1f-a90f-fc9f78b93986,188781a6-b04b-4ae5-8689-18be9ed39099,False
59a4179c-895b-4b1f-a90f-fc9f78b93986,9a261637-fd3e-4ec7-a8de-5e5d1ffda6a4,True
59a4179c-895b-4b1f-a90f-fc9f78b93986,89e19559-78d9-497c-a128-dc257dfe3353,False
59a4179c-895b-4b1f-a90f-fc9f78b93986,444e42c2-f419-47ba-aa3b-debea39b5305,False
59a4179c-895b-4b1f-a90f-fc9f78b93986,2721571f-c2de-4ef9-a435-bafc3974fd56,False
59a4179c-895b-4b1f-a90f-fc9f78b93986,48e7d279-61be-4162-8674-0660e748fa63,False
a4cd57c2-81a3-46b2-b810-24da3c624c5e,fceaa7a3-2ede-4e36-b5d0-07cbd2098f5a,True
a4cd57c2-81a3-46b2-b810-24da3c624c5e,02a9af0a-3fe8-4987-a939-744de97d97f9,False
a4cd57c2-81a3-46b2-b810-24da3c624c5e,6baad9a1-0ef6-40d1-b0f1-1028340cd0c2,False
a4cd57c2-81a3-46b2-b810-24da3c624c5e,b5993aad-685b-44e3-81da-6b78579de076,False
a4cd57c2-81a3-46b2-b810-24da3c624c5e,bfb1a350-e49f-4b55-981b-08fab2fd9d07,False
a4cd57c2-81a3-46b2-b810-24da3c624c5e,d1839ec4-e7ba-46a3-87fd-d36326ab4edf,False
64d1fa26-affe-4674-a3f2-1b764311280f,b2d20cd9-e2a3-405f-a7e6-6b57d07e1d4b,False
64d1fa26-affe-4674-a3f2-1b764311280f,091c8a5d-7327-48ad-ae9d-6ab2f2b1228f,True
64d1fa26-affe-4674-a3f2-1b764311280f,9014a456-74b2-4653-a977-ed090f0496f5,False
64d1fa26-affe-4674-a3f2-1b764311280f,a1dacd6d-cba4-4482-9048-f05754bec294,False
64d1fa26-affe-4674-a3f2-1b764311280f,7be66667-34bf-4fc4-a1f4-a03b37a1b9aa,False
64d1fa26-affe-4674-a3f2-1b764311280f,e2cc8403-16cb-4fbc-8d3f-dbc06d1986d4,False
1c3716c5-cdb6-4114-852d-9c8cbbc10bc9,95986ff4-f224-434d-aecf-5b6895fa021d,True
1c3716c5-cdb6-4114-852d-9c8cbbc10bc9,2c0dabe6-e629-45f1-b8bc-3b866e8c86c2,False
1c3716c5-cdb6-4114-852d-9c8cbbc10bc9,565f29db-8f4b-4345-a330-2bcf9df6139f,True
1c3716c5-cdb6-4114-852d-9c8cbbc10bc9,7be66667-34bf-4fc4-a1f4-a03b37a1b9aa,True
1c3716c5-cdb6-4114-852d-9c8cbbc10bc9,fada94dc-e0fe-4ce7-8daa-0f80fb7d5f39,False
1c3716c5-cdb6-4114-852d-9c8cbbc10bc9,4450377c-0503-445f-882b-e167fc05a084,True
b9892311-8eb8-4a7d-aa9e-dc2ee8c98140,e89f6463-93c7-487d-8e2f-8bfba4b60b6c,True
b9892311-8eb8-4a7d-aa9e-dc2ee8c98140,0d7ef19a-5067-4eea-b407-cb487a617a70,False
b9892311-8eb8-4a7d-aa9e-dc2ee8c98140,aa6f5b77-fe8b-4823-92ec-a7970aefc03c,False
b9892311-8eb8-4a7d-aa9e-dc2ee8c98140,cd294a49-7cbd-4082-bb88-1260b7e030c4,False
b9892311-8eb8-4a7d-aa9e-dc2ee8c98140,7d7b0dbb-a8cf-479b-a38b-8c88a7343cd9,False
b9892311-8eb8-4a7d-aa9e-dc2ee8c98140,2a5ee383-abb4-4dd2-8efa-7f5df439f8a1,False
b9892311-8eb8-4a7d-aa9e-dc2ee8c98140,11f1d9b5-d024-49b3-a15c-e1195fc583de,True
b9892311-8eb8-4a7d-aa9e-dc2ee8c98140,f4beb065-aa68-4031-a429-d7c03ce6fdb7,True
a34ab40e-8c11-441d-be43-d846385d5a41,68ead65d-3799-4089-9eac-9e443938b42c,True
a34ab40e-8c11-441d-be43-d846385d5a41,70ba18d3-0818-4192-b019-561c8ac60542,False
a34ab40e-8c11-441d-be43-d846385d5a41,3e404b2f-5e29-41a2-ac9a-4dd45a02dfdf,False
a34ab40e-8c11-441d-be43-d846385d5a41,f8ea64ba-e486-4d73-a1ec-ab670fbfadac,True
a34ab40e-8c11-441d-be43-d846385d5a41,e2cc8403-16cb-4fbc-8d3f-dbc06d1986d4,False
cdf85e4e-d8ea-48f4-9d69-91457c8ab733,5fc07310-b4ca-42b3-a810-df66d510d03d,False
cdf85e4e-d8ea-48f4-9d69-91457c8ab733,8ed331c1-c540-4a45-a5db-f450ee745cc9,True
cdf85e4e-d8ea-48f4-9d69-91457c8ab733,813383a0-7fc6-4a65-80a3-2378be9dd5b9,True
cdf85e4e-d8ea-48f4-9d69-91457c8ab733,fada94dc-e0fe-4ce7-8daa-0f80fb7d5f39,False
cdf85e4e-d8ea-48f4-9d69-91457c8ab733,e41c83a6-9043-4d5f-8e1d-fc903418929c,False
ba9ffade-87a7-4c05-8af7-99015913bd31,fac47c76-be3d-4b7f-954b-f5d488399c58,False
ba9ffade-87a7-4c05-8af7-99015913bd31,3a0fd3f0-63b3-4f00-8cc7-383f8c922784,False
ba9ffade-87a7-4c05-8af7-99015913bd31,a1dacd6d-cba4-4482-9048-f05754bec294,True
ba9ffade-87a7-4c05-8af7-99015913bd31,dd60017d-ae3e-42a0-aca2-a26caa0665e8,False
ba9ffade-87a7-4c05-8af7-99015913bd31,ab46b1f5-a822-45b0-bdb2-11ccdcf98abf,False
ba9ffade-87a7-4c05-8af7-99015913bd31,f0372169-f982-4448-907f-741894d5b5bf,True
ba9ffade-87a7-4c05-8af7-99015913bd31,48e7d279-61be-4162-8674-0660e748fa63,False
ba9ffade-87a7-4c05-8af7-99015913bd31,2a5ee383-abb4-4dd2-8efa-7f5df439f8a1,False
6ab98b24-33c9-46b7-84d1-7e53730592bf,aa6f5b77-fe8b-4823-92ec-a7970aefc03c,False
6ab98b24-33c9-46b7-84d1-7e53730592bf,e37edf57-08ba-42fc-bc81-1e21fec201ab,True
6ab98b24-33c9-46b7-84d1-7e53730592bf,29084bf8-0fbd-46c1-b03e-ee59a61bd1b3,False
6ab98b24-33c9-46b7-84d1-7e53730592bf,3e404b2f-5e29-41a2-ac9a-4dd45a02dfdf,True
6ab98b24-33c9-46b7-84d1-7e53730592bf,2264191d-1707-46d0-9cef-d72b0a05cb57,True
6ab98b24-33c9-46b7-84d1-7e53730592bf,68ead65d-3799-4089-9eac-9e443938b42c,True
6ab98b24-33c9-46b7-84d1-7e53730592bf,b15190c0-3f8c-4085-8538-4ceddb11db9a,False
6ab98b24-33c9-46b7-84d1-7e53730592bf,200bda18-6681-455d-9a1a-33f30b6cd1c9,False
6ab98b24-33c9-46b7-84d1-7e53730592bf,0d7ef19a-5067-4eea-b407-cb487a617a70,False
6ab98b24-33c9-46b7-84d1-7e53730592bf,6838126d-0e83-4378-8c28-ae8249ecec6f,True
480779f0-5692-4c60-918f-b1ec322a67dd,aa6f5b77-fe8b-4823-92ec-a7970aefc03c,False
480779f0-5692-4c60-918f-b1ec322a67dd,4a032fa3-69ad-44f3-b0aa-808fb39770af,False
480779f0-5692-4c60-918f-b1ec322a67dd,e41c83a6-9043-4d5f-8e1d-fc903418929c,True
480779f0-5692-4c60-918f-b1ec322a67dd,542dd424-3fc8-44b9-9a6e-9240d7d77634,False
480779f0-5692-4c60-918f-b1ec322a67dd,361b4d13-8598-475d-ab9a-b5b25d01df0c,False
480779f0-5692-4c60-918f-b1ec322a67dd,2c0dabe6-e629-45f1-b8bc-3b866e8c86c2,False
12aedfe3-f88d-424b-ae0c-4182ef52d984,76ef05e5-46e1-434f-b5b0-3de39d5bb249,True
12aedfe3-f88d-424b-ae0c-4182ef52d984,19e09466-aaaa-4637-a9b3-b7d203ec8d29,False
12aedfe3-f88d-424b-ae0c-4182ef52d984,02a9af0a-3fe8-4987-a939-744de97d97f9,False
12aedfe3-f88d-424b-ae0c-4182ef52d984,1424c412-731c-4ddb-b69f-8ae4348b46fc,False
12aedfe3-f88d-424b-ae0c-4182ef52d984,ec1d2534-2dfd-4ddc-ab7d-1673b2bea6cd,True
2274677d-4daf-45b6-a023-73aebd916b51,78644f53-c1d0-48c8-9f52-1ba3edf3f7eb,False
2274677d-4daf-45b6-a023-73aebd916b51,d9cd13c6-77bd-4930-9a08-ba933ee627de,True
2274677d-4daf-45b6-a023-73aebd916b51,0d7ef19a-5067-4eea-b407-cb487a617a70,True
2274677d-4daf-45b6-a023-73aebd916b51,a1dacd6d-cba4-4482-9048-f05754bec294,False
2274677d-4daf-45b6-a023-73aebd916b51,c4536aa2-9ddc-4e91-b2a9-b6f08dfa94c1,False
41c10e28-d5a9-4926-ad84-c90ca1a6bc8c,4a032fa3-69ad-44f3-b0aa-808fb39770af,False
41c10e28-d5a9-4926-ad84-c90ca1a6bc8c,ba359adf-9a74-4ecd-a072-6d8a10c0fbe8,False
41c10e28-d5a9-4926-ad84-c90ca1a6bc8c,444e42c2-f419-47ba-aa3b-debea39b5305,False
41c10e28-d5a9-4926-ad84-c90ca1a6bc8c,dc5b7fab-f2c5-4c74-94f0-fede30341a00,True
41c10e28-d5a9-4926-ad84-c90ca1a6bc8c,f9380c62-bad6-4b21-9873-615c4138c9f0,False
41c10e28-d5a9-4926-ad84-c90ca1a6bc8c,5bcd15b5-50af-46b6-82be-48b80362d49e,False
41c10e28-d5a9-4926-ad84-c90ca1a6bc8c,02a9af0a-3fe8-4987-a939-744de97d97f9,True
41c10e28-d5a9-4926-ad84-c90ca1a6bc8c,6cb1750d-abbe-4654-8456-19d55361684e,False
41c10e28-d5a9-4926-ad84-c90ca1a6bc8c,318db0bf-eff3-4176-9e56-3af7398610c6,False
5bca54c5-d852-4f6f-94f4-8579c81735c2,813383a0-7fc6-4a65-80a3-2378be9dd5b9,True
5bca54c5-d852-4f6f-94f4-8579c81735c2,361b4d13-8598-475d-ab9a-b5b25d01df0c,False
5bca54c5-d852-4f6f-94f4-8579c81735c2,ffa0bcfc-3669-45da-b766-678c4ba68bcb,True
5bca54c5-d852-4f6f-94f4-8579c81735c2,95986ff4-f224-434d-aecf-5b6895fa021d,False
5bca54c5-d852-4f6f-94f4-8579c81735c2,e2cc8403-16cb-4fbc-8d3f-dbc06d1986d4,False
5bca54c5-d852-4f6f-94f4-8579c81735c2,6cb1750d-abbe-4654-8456-19d55361684e,False
5bca54c5-d852-4f6f-94f4-8579c81735c2,32d2ffd7-dbfd-4452-8f64-9ca02a33d51c,True
9a1f8635-0d88-4fa8-aba3-a4c0ff0d2d6c,361b4d13-8598-475d-ab9a-b5b25d01df0c,False
9a1f8635-0d88-4fa8-aba3-a4c0ff0d2d6c,d1839ec4-e7ba-46a3-87fd-d36326ab4edf,True
9a1f8635-0d88-4fa8-aba3-a4c0ff0d2d6c,98e1f173-1b0c-4a7f-b929-bd453c536bf8,True
9a1f8635-0d88-4fa8-aba3-a4c0ff0d2d6c,9d3979cd-6e10-43a8-835e-006003a1cb4b,True
9a1f8635-0d88-4fa8-aba3-a4c0ff0d2d6c,b2d20cd9-e2a3-405f-a7e6-6b57d07e1d4b,True
9a1f8635-0d88-4fa8-aba3-a4c0ff0d2d6c,42827e1d-da01-477b-8537-53074e16ca40,False
9a1f8635-0d88-4fa8-aba3-a4c0ff0d2d6c,32d2ffd7-dbfd-4452-8f64-9ca02a33d51c,True
9a1f8635-0d88-4fa8-aba3-a4c0ff0d2d6c,319ff1d8-6ca9-4572-a2bd-4aa6306a5a37,True
9a1f8635-0d88-4fa8-aba3-a4c0ff0d2d6c,6838126d-0e83-4378-8c28-ae8249ecec6f,False
9a1f8635-0d88-4fa8-aba3-a4c0ff0d2d6c,444e42c2-f419-47ba-aa3b-debea39b5305,False
8fb676ee-2e65-4c26-96c6-a58b3dfdd6c9,dd60017d-ae3e-42a0-aca2-a26caa0665e8,True
8fb676ee-2e65-4c26-96c6-a58b3dfdd6c9,41f8724e-3734-4ca1-8369-4680dcc3150f,True
8fb676ee-2e65-4c26-96c6-a58b3dfdd6c9,e37edf57-08ba-42fc-bc81-1e21fec201ab,False
8fb676ee-2e65-4c26-96c6-a58b3dfdd6c9,3a0fd3f0-63b3-4f00-8cc7-383f8c922784,False
8fb676ee-2e65-4c26-96c6-a58b3dfdd6c9,2c0dabe6-e629-45f1-b8bc-3b866e8c86c2,True
8fb676ee-2e65-4c26-96c6-a58b3dfdd6c9,c7e66d5a-99a8-40ed-9d5d-cc6af5d44911,False
8fb676ee-2e65-4c26-96c6-a58b3dfdd6c9,06b2ba00-66a2-4c95-a3a0-c0f820e2e531,False
8fb676ee-2e65-4c26-96c6-a58b3dfdd6c9,48822468-ac84-4d29-9f1e-ff641ff31876,False
8fb676ee-2e65-4c26-96c6-a58b3dfdd6c9,f8ea64ba-e486-4d73-a1ec-ab670fbfadac,False
8fb676ee-2e65-4c26-96c6-a58b3dfdd6c9,c6a9d671-867c-4aa8-8b96-14bce876b3b5,False
d8034e6a-0e29-4105-a9b7-60be28d8471c,f0372169-f982-4448-907f-741894d5b5bf,False
d8034e6a-0e29-4105-a9b7-60be28d8471c,e37edf57-08ba-42fc-bc81-1e21fec201ab,False
d8034e6a-0e29-4105-a9b7-60be28d8471c,70ba18d3-0818-4192-b019-561c8ac60542,False
d8034e6a-0e29-4105-a9b7-60be28d8471c,4a032fa3-69ad-44f3-b0aa-808fb39770af,True
d8034e6a-0e29-4105-a9b7-60be28d8471c,0d7ef19a-5067-4eea-b407-cb487a617a70,True
d8034e6a-0e29-4105-a9b7-60be28d8471c,11f1d9b5-d024-49b3-a15c-e1195fc583de,False
d8034e6a-0e29-4105-a9b7-60be28d8471c,4928b3b5-5b2c-43be-adfa-093b2841bce5,False
d8034e6a-0e29-4105-a9b7-60be28d8471c,2c0dabe6-e629-45f1-b8bc-3b866e8c86c2,True
c21f382f-106a-49f3-ba38-0a19fdf92f2d,f9e24e28-02ab-4cf3-8fe0-647b2336c8ab,True
c21f382f-106a-49f3-ba38-0a19fdf92f2d,e41c83a6-9043-4d5f-8e1d-fc903418929c,False
c21f382f-106a-49f3-ba38-0a19fdf92f2d,6838126d-0e83-4378-8c28-ae8249ecec6f,False
c21f382f-106a-49f3-ba38-0a19fdf92f2d,7d7b0dbb-a8cf-479b-a38b-8c88a7343cd9,False
c21f382f-106a-49f3-ba38-0a19fdf92f2d,2cb699a0-8278-40a8-8659-bf68fbb00d2b,True
c21f382f-106a-49f3-ba38-0a19fdf92f2d,387cabec-3b60-455a-9e31-e13874280a59,True
c21f382f-106a-49f3-ba38-0a19fdf92f2d,06b2ba00-66a2-4c95-a3a0-c0f820e2e531,False
c21f382f-106a-49f3-ba38-0a19fdf92f2d,17c8b7db-486f-46e9-b140-0c002c1280bf,False
c21f382f-106a-49f3-ba38-0a19fdf92f2d,c7e66d5a-99a8-40ed-9d5d-cc6af5d44911,True
c21f382f-106a-49f3-ba38-0a19fdf92f2d,091c8a5d-7327-48ad-ae9d-6ab2f2b1228f,False
f49f31a4-a7b0-4936-85bd-db90dc9443a9,dc5b7fab-f2c5-4c74-94f0-fede30341a00,False
f49f31a4-a7b0-4936-85bd-db90dc9443a9,03ed6792-a6e5-4bcc-a251-2502babe234b,True
f49f31a4-a7b0-4936-85bd-db90dc9443a9,3c0152ab-a2c4-414f-99da-7006f85a7d9d,False
f49f31a4-a7b0-4936-85bd-db90dc9443a9,78644f53-c1d0-48c8-9f52-1ba3edf3f7eb,False
f49f31a4-a7b0-4936-85bd-db90dc9443a9,fada94dc-e0fe-4ce7-8daa-0f80fb7d5f39,True
f49f31a4-a7b0-4936-85bd-db90dc9443a9,3e404b2f-5e29-41a2-ac9a-4dd45a02dfdf,False
f49f31a4-a7b0-4936-85bd-db90dc9443a9,200bda18-6681-455d-9a1a-33f30b6cd1c9,False
f49f31a4-a7b0-4936-85bd-db90dc9443a9,dc95222f-7679-4ecb-b00e-33d1f9bf8108,False
f49f31a4-a7b0-4936-85bd-db90dc9443a9,b2d20cd9-e2a3-405f-a7e6-6b57d07e1d4b,False
f49f31a4-a7b0-4936-85bd-db90dc9443a9,98e1f173-1b0c-4a7f-b929-bd453c536bf8,False
aab5ff0a-2ec3-4d60-843d-4f88c32bbc8c,f0372169-f982-4448-907f-741894d5b5bf,False
aab5ff0a-2ec3-4d60-843d-4f88c32bbc8c,200bda18-6681-455d-9a1a-33f30b6cd1c9,False
aab5ff0a-2ec3-4d60-843d-4f88c32bbc8c,29084bf8-0fbd-46c1-b03e-ee59a61bd1b3,True
aab5ff0a-2ec3-4d60-843d-4f88c32bbc8c,d709f605-b230-4497-ab86-c93f1a22e4ed,False
aab5ff0a-2ec3-4d60-843d-4f88c32bbc8c,318db0bf-eff3-4176-9e56-3af7398610c6,True
aab5ff0a-2ec3-4d60-843d-4f88c32bbc8c,e7708296-e74a-4bf1-9383-c33547cf2283,True
aab5ff0a-2ec3-4d60-843d-4f88c32bbc8c,88f93761-84ce-4b03-bed5-daf0158a872e,False
